T_FR_HIP,T_FR_THIGH,T_FR_CALF,T_FL_HIP,T_FL_THIGH,T_FL_CALF,T_RR_HIP,T_RR_THIGH,T_RR_CALF,T_RL_HIP,T_RL_THIGH,T_RL_CALF,Environment
0.0014153177559640242,0.01269271620968969,0.003116031725897567,0.0014153177559640242,0.01269271620968969,0.003116031725897567,0.0014153177559640242,0.01269271620968969,0.003116031725897567,0.0014153177559640242,0.01269271620968969,0.003116031725897567,Running
3.218939202428191e-05,0.0004210812238385239,0.00010344329449922316,3.218939202428191e-05,0.0004210812238385239,0.00010344329449922316,3.218939202428191e-05,0.0004210812238385239,0.00010344329449922316,3.218939202428191e-05,0.0004210812238385239,0.00010344329449922316,Running
3.805025345365432e-05,0.00028005573693283683,6.868663766699614e-05,3.805025345365432e-05,0.00028005573693283683,6.868663766699614e-05,3.805025345365432e-05,0.00028005573693283683,6.868663766699614e-05,3.805025345365432e-05,0.00028005573693283683,6.868663766699614e-05,Running
4.7655501576423275e-05,0.0003459928988939245,8.48791604242545e-05,4.7655501576423275e-05,0.0003459928988939245,8.48791604242545e-05,4.7655501576423275e-05,0.0003459928988939245,8.48791604242545e-05,4.7655501576423275e-05,0.0003459928988939245,8.48791604242545e-05,Running
3.1537381038314656e-05,0.00022822766710569302,5.597268976837173e-05,3.1537381038314656e-05,0.00022822766710569302,5.597268976837173e-05,3.1537381038314656e-05,0.00022822766710569302,5.597268976837173e-05,3.1537381038314656e-05,0.00022822766710569302,5.597268976837173e-05,Running
1.2811174779237132e-06,8.074600096578004e-06,1.9377025269813916e-06,1.2811174779237132e-06,8.074600096578004e-06,1.9377025269813916e-06,1.2811174779237132e-06,8.074600096578004e-06,1.9377025269813916e-06,1.2811174779237132e-06,8.074600096578004e-06,1.9377025269813916e-06,Running
1.636447352362883e-05,0.00011433356571026384,2.7949577846168494e-05,1.636447352362883e-05,0.00011433356571026384,2.7949577846168494e-05,1.636447352362883e-05,0.00011433356571026384,2.7949577846168494e-05,1.636447352362883e-05,0.00011433356571026384,2.7949577846168494e-05,Running
6.29012681011962e-06,3.6425431186739747e-05,8.653395987002994e-06,6.29012681011962e-06,3.6425431186739747e-05,8.653395987002994e-06,6.29012681011962e-06,3.6425431186739747e-05,8.653395987002994e-06,6.29012681011962e-06,3.6425431186739747e-05,8.653395987002994e-06,Running
1.1971188426094207e-05,0.00012819109169871058,3.135003999667306e-05,1.1971188426094207e-05,0.00012819109169871058,3.135003999667306e-05,1.1971188426094207e-05,0.00012819109169871058,3.135003999667306e-05,1.1971188426094207e-05,0.00012819109169871058,3.135003999667306e-05,Running
1.237344294777274e-05,8.161484338897097e-05,1.9878435095274786e-05,1.237344294777274e-05,8.161484338897097e-05,1.9878435095274786e-05,1.237344294777274e-05,8.161484338897097e-05,1.9878435095274786e-05,1.237344294777274e-05,8.161484338897097e-05,1.9878435095274786e-05,Running
1.1663035476423264e-05,0.00012474899659746635,3.051926362558445e-05,1.1663035476423264e-05,0.00012474899659746635,3.051926362558445e-05,1.1663035476423264e-05,0.00012474899659746635,3.051926362558445e-05,1.1663035476423264e-05,0.00012474899659746635,3.051926362558445e-05,Running
5.917984389287665e-06,7.669025712167882e-05,1.8833217837404217e-05,5.917984389287665e-06,7.669025712167882e-05,1.8833217837404217e-05,5.917984389287665e-06,7.669025712167882e-05,1.8833217837404217e-05,5.917984389287665e-06,7.669025712167882e-05,1.8833217837404217e-05,Running
8.36685591938907e-06,5.5249243800028206e-05,1.3182337791952794e-05,8.36685591938907e-06,5.5249243800028206e-05,1.3182337791952794e-05,8.36685591938907e-06,5.5249243800028206e-05,1.3182337791952794e-05,8.36685591938907e-06,5.5249243800028206e-05,1.3182337791952794e-05,Running
1.4900624598326545e-05,0.00017136869893387167,4.207019065062193e-05,1.4900624598326545e-05,0.00017136869893387167,4.207019065062193e-05,1.4900624598326545e-05,0.00017136869893387167,4.207019065062193e-05,1.4900624598326545e-05,0.00017136869893387167,4.207019065062193e-05,Running
5.252108284674387e-06,2.645184241350454e-05,6.145378616752795e-06,5.252108284674387e-06,2.645184241350454e-05,6.145378616752795e-06,5.252108284674387e-06,2.645184241350454e-05,6.145378616752795e-06,5.252108284674387e-06,2.645184241350454e-05,6.145378616752795e-06,Running
2.1232967106861593e-05,0.0002240736534154447,5.4922793714447506e-05,2.1232967106861593e-05,0.0002240736534154447,5.4922793714447506e-05,2.1232967106861593e-05,0.0002240736534154447,5.4922793714447506e-05,2.1232967106861593e-05,0.0002240736534154447,5.4922793714447506e-05,Running
1.664128945092233e-05,0.0002154107640595258,5.2902309191790344e-05,1.664128945092233e-05,0.0002154107640595258,5.2902309191790344e-05,1.664128945092233e-05,0.0002154107640595258,5.2902309191790344e-05,1.664128945092233e-05,0.0002154107640595258,5.2902309191790344e-05,Running
2.574950268848417e-05,0.000186097037303046,4.5595317272141325e-05,2.574950268848417e-05,0.000186097037303046,4.5595317272141325e-05,2.574950268848417e-05,0.000186097037303046,4.5595317272141325e-05,2.574950268848417e-05,0.000186097037303046,4.5595317272141325e-05,Running
2.805203998491512e-05,0.00028304677745826325,6.94549942371209e-05,2.805203998491512e-05,0.00028304677745826325,6.94549942371209e-05,2.805203998491512e-05,0.00028304677745826325,6.94549942371209e-05,2.805203998491512e-05,0.00028304677745826325,6.94549942371209e-05,Running
2.0812348160062856e-05,0.00024805920497726885,6.093397034301189e-05,2.0812348160062856e-05,0.00024805920497726885,6.093397034301189e-05,2.0812348160062856e-05,0.00024805920497726885,6.093397034301189e-05,2.0812348160062856e-05,0.00024805920497726885,6.093397034301189e-05,Running
1.6805306747243958e-05,0.00012191716369263199,2.988969740350902e-05,1.6805306747243958e-05,0.00012191716369263199,2.988969740350902e-05,1.6805306747243958e-05,0.00012191716369263199,2.988969740350902e-05,1.6805306747243958e-05,0.00012191716369263199,2.988969740350902e-05,Running
1.2904310206688563e-05,0.0001623830359084744,3.987266230770212e-05,1.2904310206688563e-05,0.0001623830359084744,3.987266230770212e-05,1.2904310206688563e-05,0.0001623830359084744,3.987266230770212e-05,1.2904310206688563e-05,0.0001623830359084744,3.987266230770212e-05,Running
1.3125033820470013e-05,0.00016985142267801368,4.172741379470954e-05,1.3125033820470013e-05,0.00016985142267801368,4.172741379470954e-05,1.3125033820470013e-05,0.00016985142267801368,4.172741379470954e-05,1.3125033820470013e-05,0.00016985142267801368,4.172741379470954e-05,Running
2.6008631375996477e-05,0.0001939367351981932,4.757627310019115e-05,2.6008631375996477e-05,0.0001939367351981932,4.757627310019115e-05,2.6008631375996477e-05,0.0001939367351981932,4.757627310019115e-05,2.6008631375996477e-05,0.0001939367351981932,4.757627310019115e-05,Running
1.2164654990132247e-05,0.00014673933110351682,3.597801192460131e-05,1.2164654990132247e-05,0.00014673933110351682,3.597801192460131e-05,1.2164654990132247e-05,0.00014673933110351682,3.597801192460131e-05,1.2164654990132247e-05,0.00014673933110351682,3.597801192460131e-05,Running
2.0961378161346883e-05,0.0001531403263764643,3.756200822146973e-05,2.0961378161346883e-05,0.0001531403263764643,3.756200822146973e-05,2.0961378161346883e-05,0.0001531403263764643,3.756200822146973e-05,2.0961378161346883e-05,0.0001531403263764643,3.756200822146973e-05,Running
1.589418875245615e-05,0.00010728419350987438,2.604753633683524e-05,1.589418875245615e-05,0.00010728419350987438,2.604753633683524e-05,1.589418875245615e-05,0.00010728419350987438,2.604753633683524e-05,1.589418875245615e-05,0.00010728419350987438,2.604753633683524e-05,Running
9.696574434197239e-06,6.555334954824759e-05,1.597431529332587e-05,9.696574434197239e-06,6.555334954824759e-05,1.597431529332587e-05,9.696574434197239e-06,6.555334954824759e-05,1.597431529332587e-05,9.696574434197239e-06,6.555334954824759e-05,1.597431529332587e-05,Running
2.1764198654590086e-05,0.00016274044472296324,3.992680642817455e-05,2.1764198654590086e-05,0.00016274044472296324,3.992680642817455e-05,2.1764198654590086e-05,0.00016274044472296324,3.992680642817455e-05,2.1764198654590086e-05,0.00016274044472296324,3.992680642817455e-05,Running
1.1596646768782178e-05,9.001060950900733e-05,2.202423750616051e-05,1.1596646768782178e-05,9.001060950900733e-05,2.202423750616051e-05,1.1596646768782178e-05,9.001060950900733e-05,2.202423750616051e-05,1.1596646768782178e-05,9.001060950900733e-05,2.202423750616051e-05,Running
9.640940395194203e-06,6.905095387429963e-05,1.66827433998736e-05,9.640940395194203e-06,6.905095387429963e-05,1.66827433998736e-05,9.640940395194203e-06,6.905095387429963e-05,1.66827433998736e-05,9.640940395194203e-06,6.905095387429963e-05,1.66827433998736e-05,Running
1.174037044197562e-05,0.00013790515443853047,3.38734093481851e-05,1.174037044197562e-05,0.00013790515443853047,3.38734093481851e-05,1.174037044197562e-05,0.00013790515443853047,3.38734093481851e-05,1.174037044197562e-05,0.00013790515443853047,3.38734093481851e-05,Running
8.552846601290129e-06,8.142894611718956e-05,1.9982924489856074e-05,8.552846601290129e-06,8.142894611718956e-05,1.9982924489856074e-05,8.552846601290129e-06,8.142894611718956e-05,1.9982924489856074e-05,8.552846601290129e-06,8.142894611718956e-05,1.9982924489856074e-05,Running
2.2342234909454922e-05,0.0002357561457252477,5.789616414069073e-05,2.2342234909454922e-05,0.0002357561457252477,5.789616414069073e-05,2.2342234909454922e-05,0.0002357561457252477,5.789616414069073e-05,2.2342234909454922e-05,0.0002357561457252477,5.789616414069073e-05,Running
2.3385838134406422e-05,0.0002514017971006007,6.17372027897882e-05,2.3385838134406422e-05,0.0002514017971006007,6.17372027897882e-05,2.3385838134406422e-05,0.0002514017971006007,6.17372027897882e-05,2.3385838134406422e-05,0.0002514017971006007,6.17372027897882e-05,Running
5.169827932913803e-06,4.329079243775791e-05,1.0492141268487684e-05,5.169827932913803e-06,4.329079243775791e-05,1.0492141268487684e-05,5.169827932913803e-06,4.329079243775791e-05,1.0492141268487684e-05,5.169827932913803e-06,4.329079243775791e-05,1.0492141268487684e-05,Running
1.337829354141664e-05,9.723572484481889e-05,2.3850211041827274e-05,1.337829354141664e-05,9.723572484481889e-05,2.3850211041827274e-05,1.337829354141664e-05,9.723572484481889e-05,2.3850211041827274e-05,1.337829354141664e-05,9.723572484481889e-05,2.3850211041827274e-05,Running
2.4119108810143405e-05,0.00019075501797638327,4.680820136997865e-05,2.4119108810143405e-05,0.00019075501797638327,4.680820136997865e-05,2.4119108810143405e-05,0.00019075501797638327,4.680820136997865e-05,2.4119108810143405e-05,0.00019075501797638327,4.680820136997865e-05,Running
1.2265886495500724e-05,9.25538699266803e-05,2.2695739284374812e-05,1.2265886495500724e-05,9.25538699266803e-05,2.2695739284374812e-05,1.2265886495500724e-05,9.25538699266803e-05,2.2695739284374812e-05,1.2265886495500724e-05,9.25538699266803e-05,2.2695739284374812e-05,Running
1.8638149501937966e-05,0.0001600034386428119,3.92700995203124e-05,1.8638149501937966e-05,0.0001600034386428119,3.92700995203124e-05,1.8638149501937966e-05,0.0001600034386428119,3.92700995203124e-05,1.8638149501937966e-05,0.0001600034386428119,3.92700995203124e-05,Running
2.424707284603603e-05,0.00017983755423328488,4.408504234671772e-05,2.424707284603603e-05,0.00017983755423328488,4.408504234671772e-05,2.424707284603603e-05,0.00017983755423328488,4.408504234671772e-05,2.424707284603603e-05,0.00017983755423328488,4.408504234671772e-05,Running
1.564951622171068e-05,0.00020474030666465254,5.029450120720316e-05,1.564951622171068e-05,0.00020474030666465254,5.029450120720316e-05,1.564951622171068e-05,0.00020474030666465254,5.029450120720316e-05,1.564951622171068e-05,0.00020474030666465254,5.029450120720316e-05,Running
1.2375035261440182e-05,9.338449655574865e-05,2.289029048275519e-05,1.2375035261440182e-05,9.338449655574865e-05,2.289029048275519e-05,1.2375035261440182e-05,9.338449655574865e-05,2.289029048275519e-05,1.2375035261440182e-05,9.338449655574865e-05,2.289029048275519e-05,Running
9.596315437545216e-06,0.00012004895808186645,2.9480691232241e-05,9.596315437545216e-06,0.00012004895808186645,2.9480691232241e-05,9.596315437545216e-06,0.00012004895808186645,2.9480691232241e-05,9.596315437545216e-06,0.00012004895808186645,2.9480691232241e-05,Running
1.5537355911738944e-05,0.00013477920657577522,3.307993111600862e-05,1.5537355911738944e-05,0.00013477920657577522,3.307993111600862e-05,1.5537355911738944e-05,0.00013477920657577522,3.307993111600862e-05,1.5537355911738944e-05,0.00013477920657577522,3.307993111600862e-05,Running
1.0359619830056132e-05,7.131638305181174e-05,1.7398386267728376e-05,1.0359619830056132e-05,7.131638305181174e-05,1.7398386267728376e-05,1.0359619830056132e-05,7.131638305181174e-05,1.7398386267728376e-05,1.0359619830056132e-05,7.131638305181174e-05,1.7398386267728376e-05,Running
1.4384790325537619e-05,0.00011161997209547836,2.738929321671449e-05,1.4384790325537619e-05,0.00011161997209547836,2.738929321671449e-05,1.4384790325537619e-05,0.00011161997209547836,2.738929321671449e-05,1.4384790325537619e-05,0.00011161997209547836,2.738929321671449e-05,Running
2.119070858137689e-05,0.00015682479289900808,3.840458619340535e-05,2.119070858137689e-05,0.00015682479289900808,3.840458619340535e-05,2.119070858137689e-05,0.00015682479289900808,3.840458619340535e-05,2.119070858137689e-05,0.00015682479289900808,3.840458619340535e-05,Running
6.010848871212226e-05,0.0005422908990102992,0.00013312503561901931,6.010848871212226e-05,0.0005422908990102992,0.00013312503561901931,6.010848871212226e-05,0.0005422908990102992,0.00013312503561901931,6.010848871212226e-05,0.0005422908990102992,0.00013312503561901931,Running
0.00016142480610328405,0.0013301216789619434,0.00032644671919155373,0.00016142480610328405,0.0013301216789619434,0.00032644671919155373,0.00016142480610328405,0.0013301216789619434,0.00032644671919155373,0.00016142480610328405,0.0013301216789619434,0.00032644671919155373,Running
0.0002854223378445804,0.0022842175321701585,0.0005605751631547252,0.0002854223378445804,0.0022842175321701585,0.0005605751631547252,0.0002854223378445804,0.0022842175321701585,0.0005605751631547252,0.0002854223378445804,0.0022842175321701585,0.0005605751631547252,Running
0.0001294566118590969,0.001342244176367894,0.00032863802942837366,0.0001294566118590969,0.001342244176367894,0.00032863802942837366,0.0001294566118590969,0.001342244176367894,0.00032863802942837366,0.0001294566118590969,0.001342244176367894,0.00032863802942837366,Running
0.001109898138687173,0.008092068050948515,0.00198520392050909,0.001109898138687173,0.008092068050948515,0.00198520392050909,0.001109898138687173,0.008092068050948515,0.00198520392050909,0.001109898138687173,0.008092068050948515,0.00198520392050909,Running
0.0003986791000186008,0.00427731789808431,0.00105040165354794,0.0003986791000186008,0.00427731789808431,0.00105040165354794,0.0003986791000186008,0.00427731789808431,0.00105040165354794,0.0003986791000186008,0.00427731789808431,0.00105040165354794,Running
0.0008823790759132233,0.006388538767269055,0.001565248576433884,0.0008823790759132233,0.006388538767269055,0.001565248576433884,0.0008823790759132233,0.006388538767269055,0.001565248576433884,0.0008823790759132233,0.006388538767269055,0.001565248576433884,Running
0.0011330610155958153,0.009080381953507752,0.0022271254774208667,0.0011330610155958153,0.009080381953507752,0.0022271254774208667,0.0011330610155958153,0.009080381953507752,0.0022271254774208667,0.0011330610155958153,0.009080381953507752,0.0022271254774208667,Running
0.0006310496462213597,0.004727377283665877,0.0011529293765789007,0.0006310496462213597,0.004727377283665877,0.0011529293765789007,0.0006310496462213597,0.004727377283665877,0.0011529293765789007,0.0006310496462213597,0.004727377283665877,0.0011529293765789007,Running
0.0009749154673116879,0.006783947404125243,0.001659090004343523,0.0009749154673116879,0.006783947404125243,0.001659090004343523,0.0009749154673116879,0.006783947404125243,0.001659090004343523,0.0009749154673116879,0.006783947404125243,0.001659090004343523,Running
0.0016541988298765947,0.013606809483019804,0.003339518559880639,0.0016541988298765947,0.013606809483019804,0.003339518559880639,0.0016541988298765947,0.013606809483019804,0.003339518559880639,0.0016541988298765947,0.013606809483019804,0.003339518559880639,Running
0.0006211882983629444,0.007399732552654558,0.0018175676295834945,0.0006211882983629444,0.007399732552654558,0.0018175676295834945,0.0006211882983629444,0.007399732552654558,0.0018175676295834945,0.0006211882983629444,0.007399732552654558,0.0018175676295834945,Running
0.0025962277207146832,0.018814203040222216,0.004613711665694064,0.0025962277207146832,0.018814203040222216,0.004613711665694064,0.0025962277207146832,0.018814203040222216,0.004613711665694064,0.0025962277207146832,0.018814203040222216,0.004613711665694064,Running
0.0030065750132021746,0.021778395815189526,0.005342158371530781,0.0030065750132021746,0.021778395815189526,0.005342158371530781,0.0030065750132021746,0.021778395815189526,0.005342158371530781,0.0030065750132021746,0.021778395815189526,0.005342158371530781,Running
0.0015635231749750213,0.0133226848012189,0.003270001964501083,0.0015635231749750213,0.0133226848012189,0.003270001964501083,0.0015635231749750213,0.0133226848012189,0.003270001964501083,0.0015635231749750213,0.0133226848012189,0.003270001964501083,Running
0.004617811771063828,0.03562759250374411,0.00874207541798614,0.004617811771063828,0.03562759250374411,0.00874207541798614,0.004617811771063828,0.03562759250374411,0.00874207541798614,0.004617811771063828,0.03562759250374411,0.00874207541798614,Running
0.001997379430791583,0.017083383610076983,0.00419309742798401,0.001997379430791583,0.017083383610076983,0.00419309742798401,0.001997379430791583,0.017083383610076983,0.00419309742798401,0.001997379430791583,0.017083383610076983,0.00419309742798401,Running
0.0024533105305876986,0.017782684032807153,0.004362357505950819,0.0024533105305876986,0.017782684032807153,0.004362357505950819,0.0024533105305876986,0.017782684032807153,0.004362357505950819,0.0024533105305876986,0.017782684032807153,0.004362357505950819,Running
0.0029850139296627577,0.025018725593862756,0.0061408479757591285,0.0029850139296627577,0.025018725593862756,0.0061408479757591285,0.0029850139296627577,0.025018725593862756,0.0061408479757591285,0.0029850139296627577,0.025018725593862756,0.0061408479757591285,Running
0.0018515311433265846,0.024413514756987737,0.0059978521852736034,0.0018515311433265846,0.024413514756987737,0.0059978521852736034,0.0018515311433265846,0.024413514756987737,0.0059978521852736034,0.0018515311433265846,0.024413514756987737,0.0059978521852736034,Running
0.0010065520234248252,0.009210418262999944,0.0022599513385936926,0.0010065520234248252,0.009210418262999944,0.0022599513385936926,0.0010065520234248252,0.009210418262999944,0.0022599513385936926,0.0010065520234248252,0.009210418262999944,0.0022599513385936926,Running
0.001553239087112534,0.02028517651229826,0.004982726574835309,0.001553239087112534,0.02028517651229826,0.004982726574835309,0.001553239087112534,0.02028517651229826,0.004982726574835309,0.001553239087112534,0.02028517651229826,0.004982726574835309,Running
0.0013539332594173564,0.01793473536311371,0.004406059311616779,0.0013539332594173564,0.01793473536311371,0.004406059311616779,0.0013539332594173564,0.01793473536311371,0.004406059311616779,0.0013539332594173564,0.01793473536311371,0.004406059311616779,Running
0.0009216162517752606,0.007721272773300996,0.0018950032811166475,0.0009216162517752606,0.007721272773300996,0.0018950032811166475,0.0009216162517752606,0.007721272773300996,0.0018950032811166475,0.0009216162517752606,0.007721272773300996,0.0018950032811166475,Running
0.001686572844967329,0.013193143191422417,0.0032374774227994325,0.001686572844967329,0.013193143191422417,0.0032374774227994325,0.001686572844967329,0.013193143191422417,0.0032374774227994325,0.001686572844967329,0.013193143191422417,0.0032374774227994325,Running
0.0011549629610305813,0.01513328216578315,0.0037178613869360906,0.0011549629610305813,0.01513328216578315,0.0037178613869360906,0.0011549629610305813,0.01513328216578315,0.0037178613869360906,0.0011549629610305813,0.01513328216578315,0.0037178613869360906,Running
0.0032223039247601185,0.02625989146249811,0.006444860044878416,0.0032223039247601185,0.02625989146249811,0.006444860044878416,0.0032223039247601185,0.02625989146249811,0.006444860044878416,0.0032223039247601185,0.02625989146249811,0.006444860044878416,Running
0.0018561442922092816,0.013582805608184662,0.0033322467097900953,0.0018561442922092816,0.013582805608184662,0.0033322467097900953,0.0018561442922092816,0.013582805608184662,0.0033322467097900953,0.0018561442922092816,0.013582805608184662,0.0033322467097900953,Running
0.002168716883811436,0.01825178510269884,0.0044791115933401245,0.002168716883811436,0.01825178510269884,0.0044791115933401245,0.002168716883811436,0.01825178510269884,0.0044791115933401245,0.002168716883811436,0.01825178510269884,0.0044791115933401245,Running
0.0034188669958556545,0.027922643864085835,0.006852978042666978,0.0034188669958556545,0.027922643864085835,0.006852978042666978,0.0034188669958556545,0.027922643864085835,0.006852978042666978,0.0034188669958556545,0.027922643864085835,0.006852978042666978,Running
0.0016482540818053126,0.019024671052048574,0.004671848293358855,0.0016482540818053126,0.019024671052048574,0.004671848293358855,0.0016482540818053126,0.019024671052048574,0.004671848293358855,0.0016482540818053126,0.019024671052048574,0.004671848293358855,Running
0.0017706601338699877,0.012864344584600071,0.00315579467537055,0.0017706601338699877,0.012864344584600071,0.00315579467537055,0.0017706601338699877,0.012864344584600071,0.00315579467537055,0.0017706601338699877,0.012864344584600071,0.00315579467537055,Running
0.0031493546716167293,0.0327960928744548,0.008053915966191982,0.0031493546716167293,0.0327960928744548,0.008053915966191982,0.0031493546716167293,0.0327960928744548,0.008053915966191982,0.0031493546716167293,0.0327960928744548,0.008053915966191982,Running
0.0018022218751098905,0.02348222212596609,0.005768947783782808,0.0018022218751098905,0.02348222212596609,0.005768947783782808,0.0018022218751098905,0.02348222212596609,0.005768947783782808,0.0018022218751098905,0.02348222212596609,0.005768947783782808,Running
0.0008520084325739017,0.006174178827623196,0.001514638538997744,0.0008520084325739017,0.006174178827623196,0.001514638538997744,0.0008520084325739017,0.006174178827623196,0.001514638538997744,0.0008520084325739017,0.006174178827623196,0.001514638538997744,Running
0.0017545415264626006,0.022999973134495123,0.005649920560805157,0.0017545415264626006,0.022999973134495123,0.005649920560805157,0.0017545415264626006,0.022999973134495123,0.005649920560805157,0.0017545415264626006,0.022999973134495123,0.005649920560805157,Running
0.0017640245405162438,0.023370790748227028,0.005741597369427068,0.0017640245405162438,0.023370790748227028,0.005741597369427068,0.0017640245405162438,0.023370790748227028,0.005741597369427068,0.0017640245405162438,0.023370790748227028,0.005741597369427068,Running
0.0013507199469450413,0.01192426260198777,0.002923383537505933,0.0013507199469450413,0.01192426260198777,0.002923383537505933,0.0013507199469450413,0.01192426260198777,0.002923383537505933,0.0013507199469450413,0.01192426260198777,0.002923383537505933,Running
0.0012584258372891207,0.00997601250196781,0.0024469757085336143,0.0012584258372891207,0.00997601250196781,0.0024469757085336143,0.0012584258372891207,0.00997601250196781,0.0024469757085336143,0.0012584258372891207,0.00997601250196781,0.0024469757085336143,Running
0.0011227694860689158,0.012773762454860341,0.003135102291949594,0.0011227694860689158,0.012773762454860341,0.003135102291949594,0.0011227694860689158,0.012773762454860341,0.003135102291949594,0.0011227694860689158,0.012773762454860341,0.003135102291949594,Running
0.003248370352584928,0.028520044609278372,0.0070008235891411315,0.003248370352584928,0.028520044609278372,0.0070008235891411315,0.003248370352584928,0.028520044609278372,0.0070008235891411315,0.003248370352584928,0.028520044609278372,0.0070008235891411315,Running
0.0024681052460059755,0.02882571637366698,0.007079736658780849,0.0024681052460059755,0.02882571637366698,0.007079736658780849,0.0024681052460059755,0.02882571637366698,0.007079736658780849,0.0024681052460059755,0.02882571637366698,0.007079736658780849,Running
0.0020678212353979794,0.015152362108034724,0.0037170720402726985,0.0020678212353979794,0.015152362108034724,0.0037170720402726985,0.0020678212353979794,0.015152362108034724,0.0037170720402726985,0.0020678212353979794,0.015152362108034724,0.0037170720402726985,Running
0.003058166830645453,0.03370574422844442,0.008278186938106585,0.003058166830645453,0.03370574422844442,0.008278186938106585,0.003058166830645453,0.03370574422844442,0.008278186938106585,0.003058166830645453,0.03370574422844442,0.008278186938106585,Running
0.002843561110500059,0.03677535504519547,0.009034232327121573,0.002843561110500059,0.03677535504519547,0.009034232327121573,0.002843561110500059,0.03677535504519547,0.009034232327121573,0.002843561110500059,0.03677535504519547,0.009034232327121573,Running
0.0007932995814616539,0.006724127566705949,0.0016503378736429058,0.0007932995814616539,0.006724127566705949,0.0016503378736429058,0.0007932995814616539,0.006724127566705949,0.0016503378736429058,0.0007932995814616539,0.006724127566705949,0.0016503378736429058,Running
0.002634485210692404,0.03179667792174489,0.007810737540995943,0.002634485210692404,0.03179667792174489,0.007810737540995943,0.002634485210692404,0.03179667792174489,0.007810737540995943,0.002634485210692404,0.03179667792174489,0.007810737540995943,Running
0.002509955941822955,0.03087534949639644,0.007584501897753097,0.002509955941822955,0.03087534949639644,0.007584501897753097,0.002509955941822955,0.03087534949639644,0.007584501897753097,0.002509955941822955,0.03087534949639644,0.007584501897753097,Running
0.0010785148273556823,0.0077959730825633905,0.001911860781393626,0.0010785148273556823,0.0077959730825633905,0.001911860781393626,0.0010785148273556823,0.0077959730825633905,0.001911860781393626,0.0010785148273556823,0.0077959730825633905,0.001911860781393626,Running
0.0019325561375426142,0.024393408089927966,0.0059873738361620405,0.0019325561375426142,0.024393408089927966,0.0059873738361620405,0.0019325561375426142,0.024393408089927966,0.0059873738361620405,0.0019325561375426142,0.024393408089927966,0.0059873738361620405,Running
0.002877690690916258,0.02197037404658519,0.005381908375366922,0.002877690690916258,0.02197037404658519,0.005381908375366922,0.002877690690916258,0.02197037404658519,0.005381908375366922,0.002877690690916258,0.02197037404658519,0.005381908375366922,Running
0.003701991128313561,0.026750306054605866,0.006561125132935283,0.003701991128313561,0.026750306054605866,0.006561125132935283,0.003701991128313561,0.026750306054605866,0.006561125132935283,0.003701991128313561,0.026750306054605866,0.006561125132935283,Running
0.0013825852675381242,0.008926790939531727,0.002150194788625548,0.0013825852675381242,0.008926790939531727,0.002150194788625548,0.0013825852675381242,0.008926790939531727,0.002150194788625548,0.0013825852675381242,0.008926790939531727,0.002150194788625548,Running
0.0036339799821022284,0.025203560391347215,0.006163212090372619,0.0036339799821022284,0.025203560391347215,0.006163212090372619,0.0036339799821022284,0.025203560391347215,0.006163212090372619,0.0036339799821022284,0.025203560391347215,0.006163212090372619,Running
0.005070575466746698,0.03845495802402471,0.00943538036940099,0.005070575466746698,0.03845495802402471,0.00943538036940099,0.005070575466746698,0.03845495802402471,0.00943538036940099,0.005070575466746698,0.03845495802402471,0.00943538036940099,Running
0.00196409177994596,0.01921844950610777,0.004718227042919976,0.00196409177994596,0.01921844950610777,0.004718227042919976,0.00196409177994596,0.01921844950610777,0.004718227042919976,0.00196409177994596,0.01921844950610777,0.004718227042919976,Running
0.0021711242899468677,0.015999781487921104,0.003925284103233083,0.0021711242899468677,0.015999781487921104,0.003925284103233083,0.0021711242899468677,0.015999781487921104,0.003925284103233083,0.0021711242899468677,0.015999781487921104,0.003925284103233083,Running
0.0029187264737248,0.02938956514120481,0.007217000949112166,0.0029187264737248,0.02938956514120481,0.007217000949112166,0.0029187264737248,0.02938956514120481,0.007217000949112166,0.0029187264737248,0.02938956514120481,0.007217000949112166,Running
0.0017454841556863473,0.02237944056049415,0.0054974289213264435,0.0017454841556863473,0.02237944056049415,0.0054974289213264435,0.0017454841556863473,0.02237944056049415,0.0054974289213264435,0.0017454841556863473,0.02237944056049415,0.0054974289213264435,Running
0.0005232165154154429,0.004854738021103651,0.0011868770858401128,0.0005232165154154429,0.004854738021103651,0.0011868770858401128,0.0005232165154154429,0.004854738021103651,0.0011868770858401128,0.0005232165154154429,0.004854738021103651,0.0011868770858401128,Running
0.0014683223758304614,0.016592333093118698,0.004074049112564125,0.0014683223758304614,0.016592333093118698,0.004074049112564125,0.0014683223758304614,0.016592333093118698,0.004074049112564125,0.0014683223758304614,0.016592333093118698,0.004074049112564125,Running
0.0015995447112088848,0.020436568281307577,0.00501945461723817,0.0015995447112088848,0.020436568281307577,0.00501945461723817,0.0015995447112088848,0.020436568281307577,0.00501945461723817,0.0015995447112088848,0.020436568281307577,0.00501945461723817,Running
0.0018637468565439754,0.014469392704810988,0.0035501302814793805,0.0018637468565439754,0.014469392704810988,0.0035501302814793805,0.0018637468565439754,0.014469392704810988,0.0035501302814793805,0.0018637468565439754,0.014469392704810988,0.0035501302814793805,Running
0.0015158438971373139,0.012109454527499787,0.002971287515820938,0.0015158438971373139,0.012109454527499787,0.002971287515820938,0.0015158438971373139,0.012109454527499787,0.002971287515820938,0.0015158438971373139,0.012109454527499787,0.002971287515820938,Running
0.0014154969729935562,0.012270536709547135,0.003011855243096844,0.0014154969729935562,0.012270536709547135,0.003011855243096844,0.0014154969729935562,0.012270536709547135,0.003011855243096844,0.0014154969729935562,0.012270536709547135,0.003011855243096844,Running
0.0036292977474558477,0.029617784754542492,0.007268182367425684,0.0036292977474558477,0.029617784754542492,0.007268182367425684,0.0036292977474558477,0.029617784754542492,0.007268182367425684,0.0036292977474558477,0.029617784754542492,0.007268182367425684,Running
0.0018822188688305567,0.018244711590674104,0.004479706137831045,0.0018822188688305567,0.018244711590674104,0.004479706137831045,0.0018822188688305567,0.018244711590674104,0.004479706137831045,0.0018822188688305567,0.018244711590674104,0.004479706137831045,Running
0.0015743433989893756,0.012443643785187818,0.0030533064817191676,0.0015743433989893756,0.012443643785187818,0.0030533064817191676,0.0015743433989893756,0.012443643785187818,0.0030533064817191676,0.0015743433989893756,0.012443643785187818,0.0030533064817191676,Running
0.003376513814337128,0.03176752286005796,0.00779983796793272,0.003376513814337128,0.03176752286005796,0.00779983796793272,0.003376513814337128,0.03176752286005796,0.00779983796793272,0.003376513814337128,0.03176752286005796,0.00779983796793272,Running
0.002427629530095771,0.026385324325256077,0.0064800434068524445,0.002427629530095771,0.026385324325256077,0.0064800434068524445,0.002427629530095771,0.026385324325256077,0.0064800434068524445,0.002427629530095771,0.026385324325256077,0.0064800434068524445,Running
0.0004961678230602318,0.0036479749452389115,0.0008937441852536809,0.0004961678230602318,0.0036479749452389115,0.0008937441852536809,0.0004961678230602318,0.0036479749452389115,0.0008937441852536809,0.0004961678230602318,0.0036479749452389115,0.0008937441852536809,Running
0.002285522127529088,0.029676995951360186,0.0072904017640784925,0.002285522127529088,0.029676995951360186,0.0072904017640784925,0.002285522127529088,0.029676995951360186,0.0072904017640784925,0.002285522127529088,0.029676995951360186,0.0072904017640784925,Running
0.0019921312902604384,0.024806894062585405,0.006094025854090263,0.0019921312902604384,0.024806894062585405,0.006094025854090263,0.0019921312902604384,0.024806894062585405,0.006094025854090263,0.0019921312902604384,0.024806894062585405,0.006094025854090263,Running
0.0022664751949415763,0.01590496600687808,0.0038923291743746483,0.0022664751949415763,0.01590496600687808,0.0038923291743746483,0.0022664751949415763,0.01590496600687808,0.0038923291743746483,0.0022664751949415763,0.01590496600687808,0.0038923291743746483,Running
0.002335456056459985,0.021426684833546386,0.005211066925032818,0.002335456056459985,0.021426684833546386,0.005211066925032818,0.002335456056459985,0.021426684833546386,0.005211066925032818,0.002335456056459985,0.021426684833546386,0.005211066925032818,Running
0.002587827398771822,0.017025029182692785,0.00414034129487571,0.002587827398771822,0.017025029182692785,0.00414034129487571,0.002587827398771822,0.017025029182692785,0.00414034129487571,0.002587827398771822,0.017025029182692785,0.00414034129487571,Running
0.0027695100765970154,0.020222092132534678,0.004956029298650524,0.0027695100765970154,0.020222092132534678,0.004956029298650524,0.0027695100765970154,0.020222092132534678,0.004956029298650524,0.0027695100765970154,0.020222092132534678,0.004956029298650524,Running
0.002761525210350387,0.020272286126481954,0.004907380178904977,0.002761525210350387,0.020272286126481954,0.004907380178904977,0.002761525210350387,0.020272286126481954,0.004907380178904977,0.002761525210350387,0.020272286126481954,0.004907380178904977,Running
0.0036435847274499658,0.029024555825985687,0.007098939587297534,0.0036435847274499658,0.029024555825985687,0.007098939587297534,0.0036435847274499658,0.029024555825985687,0.007098939587297534,0.0036435847274499658,0.029024555825985687,0.007098939587297534,Running
0.005794084953640324,0.04482936014258573,0.010996110927197086,0.005794084953640324,0.04482936014258573,0.010996110927197086,0.005794084953640324,0.04482936014258573,0.010996110927197086,0.005794084953640324,0.04482936014258573,0.010996110927197086,Running
0.0022241060142534543,0.009076941414384124,0.002012336175905006,0.0022241060142534543,0.009076941414384124,0.002012336175905006,0.0022241060142534543,0.009076941414384124,0.002012336175905006,0.0022241060142534543,0.009076941414384124,0.002012336175905006,Running
0.002321344692618596,0.010166144388020638,0.0023269680882909813,0.002321344692618596,0.010166144388020638,0.0023269680882909813,0.002321344692618596,0.010166144388020638,0.0023269680882909813,0.002321344692618596,0.010166144388020638,0.0023269680882909813,Running
0.005256445433089569,0.04782463309120144,0.011735534817907052,0.005256445433089569,0.04782463309120144,0.011735534817907052,0.005256445433089569,0.04782463309120144,0.011735534817907052,0.005256445433089569,0.04782463309120144,0.011735534817907052,Running
0.005371418980568562,0.04922675992016754,0.012077470930254141,0.005371418980568562,0.04922675992016754,0.012077470930254141,0.005371418980568562,0.04922675992016754,0.012077470930254141,0.005371418980568562,0.04922675992016754,0.012077470930254141,Running
0.004041574004387394,0.026357150144326567,0.006396303179426563,0.004041574004387394,0.026357150144326567,0.006396303179426563,0.004041574004387394,0.026357150144326567,0.006396303179426563,0.004041574004387394,0.026357150144326567,0.006396303179426563,Running
0.0031486595812941667,0.026825644781048336,0.006545396234185825,0.0031486595812941667,0.026825644781048336,0.006545396234185825,0.0031486595812941667,0.026825644781048336,0.006545396234185825,0.0031486595812941667,0.026825644781048336,0.006545396234185825,Running
0.00351752239834822,0.037475185354869565,0.009197802734776892,0.00351752239834822,0.037475185354869565,0.009197802734776892,0.00351752239834822,0.037475185354869565,0.009197802734776892,0.00351752239834822,0.037475185354869565,0.009197802734776892,Running
0.003861536310728034,0.027680568726597164,0.006783796118317345,0.003861536310728034,0.027680568726597164,0.006783796118317345,0.003861536310728034,0.027680568726597164,0.006783796118317345,0.003861536310728034,0.027680568726597164,0.006783796118317345,Running
0.003946860299733231,0.036948818139674204,0.009036273652380576,0.003946860299733231,0.036948818139674204,0.009036273652380576,0.003946860299733231,0.036948818139674204,0.009036273652380576,0.003946860299733231,0.036948818139674204,0.009036273652380576,Running
0.004579048851903866,0.03284461442646967,0.008039922505834471,0.004579048851903866,0.03284461442646967,0.008039922505834471,0.004579048851903866,0.03284461442646967,0.008039922505834471,0.004579048851903866,0.03284461442646967,0.008039922505834471,Running
0.005174500992651773,0.03792042142942002,0.009298397440199054,0.005174500992651773,0.03792042142942002,0.009298397440199054,0.005174500992651773,0.03792042142942002,0.009298397440199054,0.005174500992651773,0.03792042142942002,0.009298397440199054,Running
0.0011664305274021155,0.012163815897006984,0.002987252183436017,0.0011664305274021155,0.012163815897006984,0.002987252183436017,0.0011664305274021155,0.012163815897006984,0.002987252183436017,0.0011664305274021155,0.012163815897006984,0.002987252183436017,Running
0.005026257881050808,0.03696845974380535,0.00906928530454616,0.005026257881050808,0.03696845974380535,0.00906928530454616,0.005026257881050808,0.03696845974380535,0.00906928530454616,0.005026257881050808,0.03696845974380535,0.00906928530454616,Running
0.003256111353713608,0.023536698671742,0.005773036870581456,0.003256111353713608,0.023536698671742,0.005773036870581456,0.003256111353713608,0.023536698671742,0.005773036870581456,0.003256111353713608,0.023536698671742,0.005773036870581456,Running
0.006852758218496939,0.05717160624471598,0.014008021878468368,0.006852758218496939,0.05717160624471598,0.014008021878468368,0.006852758218496939,0.05717160624471598,0.014008021878468368,0.006852758218496939,0.05717160624471598,0.014008021878468368,Running
0.0020002779065072815,0.010223855115663996,0.0024193557586847138,0.0020002779065072815,0.010223855115663996,0.0024193557586847138,0.0020002779065072815,0.010223855115663996,0.0024193557586847138,0.0020002779065072815,0.010223855115663996,0.0024193557586847138,Running
0.008536983859188949,0.07376693867566195,0.018107314146267046,0.008536983859188949,0.07376693867566195,0.018107314146267046,0.008536983859188949,0.07376693867566195,0.018107314146267046,0.008536983859188949,0.07376693867566195,0.018107314146267046,Running
0.004942271601004721,0.03964935278861148,0.009729579573215177,0.004942271601004721,0.03964935278861148,0.009729579573215177,0.004942271601004721,0.03964935278861148,0.009729579573215177,0.004942271601004721,0.03964935278861148,0.009729579573215177,Running
0.0016504221802263147,0.02025948413261695,0.004976524410981374,0.0016504221802263147,0.02025948413261695,0.004976524410981374,0.0016504221802263147,0.02025948413261695,0.004976524410981374,0.0016504221802263147,0.02025948413261695,0.004976524410981374,Running
0.006485135971400054,0.05429812663645597,0.013327425277233329,0.006485135971400054,0.05429812663645597,0.013327425277233329,0.006485135971400054,0.05429812663645597,0.013327425277233329,0.006485135971400054,0.05429812663645597,0.013327425277233329,Running
0.003321707237478476,0.02460956153382859,0.006036692012445127,0.003321707237478476,0.02460956153382859,0.006036692012445127,0.003321707237478476,0.02460956153382859,0.006036692012445127,0.003321707237478476,0.02460956153382859,0.006036692012445127,Running
0.00127861298878058,0.013038155270890361,0.003201804383509191,0.00127861298878058,0.013038155270890361,0.003201804383509191,0.00127861298878058,0.013038155270890361,0.003201804383509191,0.00127861298878058,0.013038155270890361,0.003201804383509191,Running
0.0037465069689649215,0.027671221192215385,0.00677343444612789,0.0037465069689649215,0.027671221192215385,0.00677343444612789,0.0037465069689649215,0.027671221192215385,0.00677343444612789,0.0037465069689649215,0.027671221192215385,0.00677343444612789,Running
0.0031955870042779853,0.01196609692868056,0.002645976926761626,0.0031955870042779853,0.01196609692868056,0.002645976926761626,0.0031955870042779853,0.01196609692868056,0.002645976926761626,0.0031955870042779853,0.01196609692868056,0.002645976926761626,Running
0.004276739415001351,0.01150469116485339,0.0021360722302942647,0.004276739415001351,0.01150469116485339,0.0021360722302942647,0.004276739415001351,0.01150469116485339,0.0021360722302942647,0.004276739415001351,0.01150469116485339,0.0021360722302942647,Running
0.003899674536189563,0.016230247773208653,0.0036900182763199983,0.003899674536189563,0.016230247773208653,0.0036900182763199983,0.003899674536189563,0.016230247773208653,0.0036900182763199983,0.003899674536189563,0.016230247773208653,0.0036900182763199983,Running
0.0011024029169542358,0.007570099486892688,0.0018164191068442428,0.0011024029169542358,0.007570099486892688,0.0018164191068442428,0.0011024029169542358,0.007570099486892688,0.0018164191068442428,0.0011024029169542358,0.007570099486892688,0.0018164191068442428,Running
0.004532299453177913,0.013507382971682177,0.0026924161082497386,0.004532299453177913,0.013507382971682177,0.0026924161082497386,0.004532299453177913,0.013507382971682177,0.0026924161082497386,0.004532299453177913,0.013507382971682177,0.0026924161082497386,Running
0.003284335326761155,0.012627274413092913,0.0027550820771314625,0.003284335326761155,0.012627274413092913,0.0027550820771314625,0.003284335326761155,0.012627274413092913,0.0027550820771314625,0.003284335326761155,0.012627274413092913,0.0027550820771314625,Running
0.0017505776124605327,0.0035585460460420817,0.000385971369703169,0.0017505776124605327,0.0035585460460420817,0.000385971369703169,0.0017505776124605327,0.0035585460460420817,0.000385971369703169,0.0017505776124605327,0.0035585460460420817,0.000385971369703169,Running
0.0012373960594864559,0.005809279798584637,0.0013451146648030606,0.0012373960594864559,0.005809279798584637,0.0013451146648030606,0.0012373960594864559,0.005809279798584637,0.0013451146648030606,0.0012373960594864559,0.005809279798584637,0.0013451146648030606,Running
0.0010672725516289697,0.009478590702089418,0.0023268383763260414,0.0010672725516289697,0.009478590702089418,0.0023268383763260414,0.0010672725516289697,0.009478590702089418,0.0023268383763260414,0.0010672725516289697,0.009478590702089418,0.0023268383763260414,Running
0.00041385923444801513,0.004364591856817254,0.001071228723243202,0.00041385923444801513,0.004364591856817254,0.001071228723243202,0.00041385923444801513,0.004364591856817254,0.001071228723243202,0.00041385923444801513,0.004364591856817254,0.001071228723243202,Running
0.0017516919024975113,0.014226581454894062,0.003490077751700725,0.0017516919024975113,0.014226581454894062,0.003490077751700725,0.0017516919024975113,0.014226581454894062,0.003490077751700725,0.0017516919024975113,0.014226581454894062,0.003490077751700725,Running
0.0026279586901525724,0.020466514398913057,0.005021827343035098,0.0026279586901525724,0.020466514398913057,0.005021827343035098,0.0026279586901525724,0.020466514398913057,0.005021827343035098,0.0026279586901525724,0.020466514398913057,0.005021827343035098,Running
0.0006793646139244565,0.005676452458184104,0.0013903339453552553,0.0006793646139244565,0.005676452458184104,0.0013903339453552553,0.0006793646139244565,0.005676452458184104,0.0013903339453552553,0.0006793646139244565,0.005676452458184104,0.0013903339453552553,Running
0.002842531254690676,0.023159963611396047,0.0056839585079238465,0.002842531254690676,0.023159963611396047,0.0056839585079238465,0.002842531254690676,0.023159963611396047,0.0056839585079238465,0.002842531254690676,0.023159963611396047,0.0056839585079238465,Running
0.0034642693450020502,0.02748898497049467,0.006745894736027784,0.0034642693450020502,0.02748898497049467,0.006745894736027784,0.0034642693450020502,0.02748898497049467,0.006745894736027784,0.0034642693450020502,0.02748898497049467,0.006745894736027784,Running
0.0009278852947955826,0.01209486781287502,0.002971325007940296,0.0009278852947955826,0.01209486781287502,0.002971325007940296,0.0009278852947955826,0.01209486781287502,0.002971325007940296,0.0009278852947955826,0.01209486781287502,0.002971325007940296,Running
0.0026657059112920444,0.01947028096273651,0.004776534463372129,0.0026657059112920444,0.01947028096273651,0.004776534463372129,0.0026657059112920444,0.01947028096273651,0.004776534463372129,0.0026657059112920444,0.01947028096273651,0.004776534463372129,Running
0.0026365659867066825,0.029970664765650475,0.007361525200049483,0.0026365659867066825,0.029970664765650475,0.007361525200049483,0.0026365659867066825,0.029970664765650475,0.007361525200049483,0.0026365659867066825,0.029970664765650475,0.007361525200049483,Running
0.0019777140267730176,0.02566469006197729,0.006304893227111234,0.0019777140267730176,0.02566469006197729,0.006304893227111234,0.0019777140267730176,0.02566469006197729,0.006304893227111234,0.0019777140267730176,0.02566469006197729,0.006304893227111234,Running
0.0008635917449680845,0.006905901112014132,0.0016947210808307713,0.0008635917449680845,0.006905901112014132,0.0016947210808307713,0.0008635917449680845,0.006905901112014132,0.0016947210808307713,0.0008635917449680845,0.006905901112014132,0.0016947210808307713,Running
0.0020204647463280866,0.026720069268007813,0.006564320996483536,0.0020204647463280866,0.026720069268007813,0.006564320996483536,0.0020204647463280866,0.026720069268007813,0.006564320996483536,0.0020204647463280866,0.026720069268007813,0.006564320996483536,Running
0.001730566354088793,0.022821062250266547,0.005606190498569478,0.001730566354088793,0.022821062250266547,0.005606190498569478,0.001730566354088793,0.022821062250266547,0.005606190498569478,0.001730566354088793,0.022821062250266547,0.005606190498569478,Running
0.0019518489716886342,0.0143294988855651,0.0035136121025748273,0.0019518489716886342,0.0143294988855651,0.0035136121025748273,0.0019518489716886342,0.0143294988855651,0.0035136121025748273,0.0019518489716886342,0.0143294988855651,0.0035136121025748273,Running
0.02076640150555747,0.04509800073651475,0.006034714857269276,0.02076640150555747,0.04509800073651475,0.006034714857269276,0.02076640150555747,0.04509800073651475,0.006034714857269276,0.02076640150555747,0.04509800073651475,0.006034714857269276,Running
0.07712136397428462,0.14398669339899578,0.007037535103782365,0.07712136397428462,0.14398669339899578,0.007037535103782365,0.07712136397428462,0.14398669339899578,0.007037535103782365,0.07712136397428462,0.14398669339899578,0.007037535103782365,Running
0.09748654153504704,0.18152917771244098,0.008238926253894436,0.09748654153504704,0.18152917771244098,0.008238926253894436,0.09748654153504704,0.18152917771244098,0.008238926253894436,0.09748654153504704,0.18152917771244098,0.008238926253894436,Running
0.09802865335491369,0.1811841311326586,0.006096299557006262,0.09802865335491369,0.1811841311326586,0.006096299557006262,0.09802865335491369,0.1811841311326586,0.006096299557006262,0.09802865335491369,0.1811841311326586,0.006096299557006262,Running
0.07655536902764853,0.14443397659990975,0.0086442060539949,0.07655536902764853,0.14443397659990975,0.0086442060539949,0.07655536902764853,0.14443397659990975,0.0086442060539949,0.07655536902764853,0.14443397659990975,0.0086442060539949,Running
0.02103401397923346,0.04542128287883417,0.006095631220798883,0.02103401397923346,0.04542128287883417,0.006095631220798883,0.02103401397923346,0.04542128287883417,0.006095631220798883,0.02103401397923346,0.04542128287883417,0.006095631220798883,Running
0.001044328919747385,0.008778282105360984,0.0021546310333775253,0.001044328919747385,0.008778282105360984,0.0021546310333775253,0.001044328919747385,0.008778282105360984,0.0021546310333775253,0.001044328919747385,0.008778282105360984,0.0021546310333775253,Running
0.002780527923684509,0.020188297713044836,0.004951280316298324,0.002780527923684509,0.020188297713044836,0.004951280316298324,0.002780527923684509,0.020188297713044836,0.004951280316298324,0.002780527923684509,0.020188297713044836,0.004951280316298324,Running
0.0038073344568268206,0.028419026852690737,0.006968108655245862,0.0038073344568268206,0.028419026852690737,0.006968108655245862,0.0038073344568268206,0.028419026852690737,0.006968108655245862,0.0038073344568268206,0.028419026852690737,0.006968108655245862,Running
0.0015581856547868952,0.011992162855741645,0.002941819902015941,0.0015581856547868952,0.011992162855741645,0.002941819902015941,0.0015581856547868952,0.011992162855741645,0.002941819902015941,0.0015581856547868952,0.011992162855741645,0.002941819902015941,Running
0.002905899082145775,0.0210956870011783,0.0051720016418494155,0.002905899082145775,0.0210956870011783,0.0051720016418494155,0.002905899082145775,0.0210956870011783,0.0051720016418494155,0.002905899082145775,0.0210956870011783,0.0051720016418494155,Running
0.003610645437531831,0.03159506018547585,0.007755129217251181,0.003610645437531831,0.03159506018547585,0.007755129217251181,0.003610645437531831,0.03159506018547585,0.007755129217251181,0.003610645437531831,0.03159506018547585,0.007755129217251181,Running
0.0012537257353247586,0.015889253715935293,0.003900667948478756,0.0012537257353247586,0.015889253715935293,0.003900667948478756,0.0012537257353247586,0.015889253715935293,0.003900667948478756,0.0012537257353247586,0.015889253715935293,0.003900667948478756,Running
0.0009909343243468566,0.008551551547390714,0.0020991232073034553,0.0009909343243468566,0.008551551547390714,0.0020991232073034553,0.0009909343243468566,0.008551551547390714,0.0020991232073034553,0.0009909343243468566,0.008551551547390714,0.0020991232073034553,Running
0.0018314740833854269,0.0240955410473006,0.0059196261255878915,0.0018314740833854269,0.0240955410473006,0.0059196261255878915,0.0018314740833854269,0.0240955410473006,0.0059196261255878915,0.0018314740833854269,0.0240955410473006,0.0059196261255878915,Running
0.0016737065308967602,0.020696464734618128,0.0050842206196899725,0.0016737065308967602,0.020696464734618128,0.0050842206196899725,0.0016737065308967602,0.020696464734618128,0.0050842206196899725,0.0016737065308967602,0.020696464734618128,0.0050842206196899725,Running
0.0016625050562346087,0.012455285169277918,0.0030558888005317573,0.0016625050562346087,0.012455285169277918,0.0030558888005317573,0.0016625050562346087,0.012455285169277918,0.0030558888005317573,0.0016625050562346087,0.012455285169277918,0.0030558888005317573,Running
0.0014803651616680086,0.015857912212132584,0.0038940612077500913,0.0014803651616680086,0.015857912212132584,0.0038940612077500913,0.0014803651616680086,0.015857912212132584,0.0038940612077500913,0.0014803651616680086,0.015857912212132584,0.0038940612077500913,Running
0.0021399863840251146,0.016750645177951985,0.004110455103510542,0.0021399863840251146,0.016750645177951985,0.004110455103510542,0.0021399863840251146,0.016750645177951985,0.004110455103510542,0.0021399863840251146,0.016750645177951985,0.004110455103510542,Running
0.004508551670729949,0.032682414655909195,0.008017455852509231,0.004508551670729949,0.032682414655909195,0.008017455852509231,0.004508551670729949,0.032682414655909195,0.008017455852509231,0.004508551670729949,0.032682414655909195,0.008017455852509231,Running
0.00167961189678169,0.012188554878401058,0.0029895327034545408,0.00167961189678169,0.012188554878401058,0.0029895327034545408,0.00167961189678169,0.012188554878401058,0.0029895327034545408,0.00167961189678169,0.012188554878401058,0.0029895327034545408,Running
0.003387383390704124,0.024522544417966023,0.0060152029357480935,0.003387383390704124,0.024522544417966023,0.0060152029357480935,0.003387383390704124,0.024522544417966023,0.0060152029357480935,0.003387383390704124,0.024522544417966023,0.0060152029357480935,Running
0.004041723636452555,0.03092139447348158,0.007587049464342276,0.004041723636452555,0.03092139447348158,0.007587049464342276,0.004041723636452555,0.03092139447348158,0.007587049464342276,0.004041723636452555,0.03092139447348158,0.007587049464342276,Running
0.0015724600967932385,0.017937840373541448,0.004405994756888489,0.0015724600967932385,0.017937840373541448,0.004405994756888489,0.0015724600967932385,0.017937840373541448,0.004405994756888489,0.0015724600967932385,0.017937840373541448,0.004405994756888489,Running
0.001057266892479202,0.007718607892446772,0.0018931714634655042,0.001057266892479202,0.007718607892446772,0.0018931714634655042,0.001057266892479202,0.007718607892446772,0.0018931714634655042,0.001057266892479202,0.007718607892446772,0.0018931714634655042,Running
0.0024004446594740303,0.02833785789462128,0.006960893378232746,0.0024004446594740303,0.02833785789462128,0.006960893378232746,0.0024004446594740303,0.02833785789462128,0.006960893378232746,0.0024004446594740303,0.02833785789462128,0.006960893378232746,Running
0.0019261790712948323,0.024701048446489595,0.006068256444731018,0.0019261790712948323,0.024701048446489595,0.006068256444731018,0.0019261790712948323,0.024701048446489595,0.006068256444731018,0.0019261790712948323,0.024701048446489595,0.006068256444731018,Running
0.00016447858168530005,0.0013513408088146647,0.00033125506487426343,0.00016447858168530005,0.0013513408088146647,0.00033125506487426343,0.00016447858168530005,0.0013513408088146647,0.00033125506487426343,0.00016447858168530005,0.0013513408088146647,0.00033125506487426343,Running
0.0017662453588528054,0.021134327604760108,0.0051911340894087174,0.0017662453588528054,0.021134327604760108,0.0051911340894087174,0.0017662453588528054,0.021134327604760108,0.0051911340894087174,0.0017662453588528054,0.021134327604760108,0.0051911340894087174,Running
0.0021476386361702275,0.028392485986534603,0.006975405588261576,0.0021476386361702275,0.028392485986534603,0.006975405588261576,0.0021476386361702275,0.028392485986534603,0.006975405588261576,0.0021476386361702275,0.028392485986534603,0.006975405588261576,Running
0.002530618800186698,0.02150525306012071,0.005277944525470736,0.002530618800186698,0.02150525306012071,0.005277944525470736,0.002530618800186698,0.02150525306012071,0.005277944525470736,0.002530618800186698,0.02150525306012071,0.005277944525470736,Running
0.001496023716625592,0.012079706773381917,0.0029645991783414064,0.001496023716625592,0.012079706773381917,0.0029645991783414064,0.001496023716625592,0.012079706773381917,0.0029645991783414064,0.001496023716625592,0.012079706773381917,0.0029645991783414064,Running
0.001955397692353837,0.020275963792648923,0.0049793782591396425,0.001955397692353837,0.020275963792648923,0.0049793782591396425,0.001955397692353837,0.020275963792648923,0.0049793782591396425,0.001955397692353837,0.020275963792648923,0.0049793782591396425,Running
0.003472826598373576,0.029390036301456406,0.007213394152231339,0.003472826598373576,0.029390036301456406,0.007213394152231339,0.003472826598373576,0.029390036301456406,0.007213394152231339,0.003472826598373576,0.029390036301456406,0.007213394152231339,Running
0.0018261451165572512,0.01776018628801004,0.004360925987978143,0.0018261451165572512,0.01776018628801004,0.004360925987978143,0.0018261451165572512,0.01776018628801004,0.004360925987978143,0.0018261451165572512,0.01776018628801004,0.004360925987978143,Running
0.0018895615999995534,0.014046654697838336,0.003444510818008854,0.0018895615999995534,0.014046654697838336,0.003444510818008854,0.0018895615999995534,0.014046654697838336,0.003444510818008854,0.0018895615999995534,0.014046654697838336,0.003444510818008854,Running
0.0030752659731042675,0.032147696433930624,0.007895037936171887,0.0030752659731042675,0.032147696433930624,0.007895037936171887,0.0030752659731042675,0.032147696433930624,0.007895037936171887,0.0030752659731042675,0.032147696433930624,0.007895037936171887,Running
0.0017730699421781185,0.023081604850034146,0.0056705223039896216,0.0017730699421781185,0.023081604850034146,0.0056705223039896216,0.0017730699421781185,0.023081604850034146,0.0056705223039896216,0.0017730699421781185,0.023081604850034146,0.0056705223039896216,Running
0.0002580481921750348,0.0019209694531672023,0.00047081471125003094,0.0002580481921750348,0.0019209694531672023,0.00047081471125003094,0.0002580481921750348,0.0019209694531672023,0.00047081471125003094,0.0002580481921750348,0.0019209694531672023,0.00047081471125003094,Running
0.0016416807654268371,0.02172101613690224,0.0053362106428326336,0.0016416807654268371,0.02172101613690224,0.0053362106428326336,0.0016416807654268371,0.02172101613690224,0.0053362106428326336,0.0016416807654268371,0.02172101613690224,0.0053362106428326336,Running
0.002124484559962476,0.027627624578347127,0.006787208294474387,0.002124484559962476,0.027627624578347127,0.006787208294474387,0.002124484559962476,0.027627624578347127,0.006787208294474387,0.002124484559962476,0.027627624578347127,0.006787208294474387,Running
0.0015919245184290273,0.014843940062579374,0.003644442855897043,0.0015919245184290273,0.014843940062579374,0.003644442855897043,0.0015919245184290273,0.014843940062579374,0.003644442855897043,0.0015919245184290273,0.014843940062579374,0.003644442855897043,Running
0.0014587358474339974,0.016058461364087402,0.003944114695335109,0.0014587358474339974,0.016058461364087402,0.003944114695335109,0.0014587358474339974,0.016058461364087402,0.003944114695335109,0.0014587358474339974,0.016058461364087402,0.003944114695335109,Running
0.0019887224215540647,0.02237869862644768,0.005496651248886382,0.0019887224215540647,0.02237869862644768,0.005496651248886382,0.0019887224215540647,0.02237869862644768,0.005496651248886382,0.0019887224215540647,0.02237869862644768,0.005496651248886382,Running
0.002902383524935017,0.022993600455561442,0.005641219243806713,0.002902383524935017,0.022993600455561442,0.005641219243806713,0.002902383524935017,0.022993600455561442,0.005641219243806713,0.002902383524935017,0.022993600455561442,0.005641219243806713,Running
0.0017474313172190746,0.014459397126093034,0.0035488117861273887,0.0017474313172190746,0.014459397126093034,0.0035488117861273887,0.0017474313172190746,0.014459397126093034,0.0035488117861273887,0.0017474313172190746,0.014459397126093034,0.0035488117861273887,Running
0.0020702759297335886,0.015655536264345682,0.003839935492248817,0.0020702759297335886,0.015655536264345682,0.003839935492248817,0.0020702759297335886,0.015655536264345682,0.003839935492248817,0.0020702759297335886,0.015655536264345682,0.003839935492248817,Running
0.004072920528997823,0.03482440965483307,0.008548171207652557,0.004072920528997823,0.03482440965483307,0.008548171207652557,0.004072920528997823,0.03482440965483307,0.008548171207652557,0.004072920528997823,0.03482440965483307,0.008548171207652557,Running
0.0018814680138640638,0.023583874605490458,0.005793608127613685,0.0018814680138640638,0.023583874605490458,0.005793608127613685,0.0018814680138640638,0.023583874605490458,0.005793608127613685,0.0018814680138640638,0.023583874605490458,0.005793608127613685,Running
0.001350812160996099,0.009966330183224724,0.0024449737587216723,0.001350812160996099,0.009966330183224724,0.0024449737587216723,0.001350812160996099,0.009966330183224724,0.0024449737587216723,0.001350812160996099,0.009966330183224724,0.0024449737587216723,Running
0.0025144673369101684,0.03096766940737822,0.007607358240432786,0.0025144673369101684,0.03096766940737822,0.007607358240432786,0.0025144673369101684,0.03096766940737822,0.007607358240432786,0.0025144673369101684,0.03096766940737822,0.007607358240432786,Running
0.0022297375272037454,0.02944927237947932,0.007235037846622133,0.0022297375272037454,0.02944927237947932,0.007235037846622133,0.0022297375272037454,0.02944927237947932,0.007235037846622133,0.0022297375272037454,0.02944927237947932,0.007235037846622133,Running
0.0005531228672224409,0.005188841298499082,0.001271484894554748,0.0005531228672224409,0.005188841298499082,0.001271484894554748,0.0005531228672224409,0.005188841298499082,0.001271484894554748,0.0005531228672224409,0.005188841298499082,0.001271484894554748,Running
0.001842767186412098,0.021357115879427537,0.005245993105502135,0.001842767186412098,0.021357115879427537,0.005245993105502135,0.001842767186412098,0.021357115879427537,0.005245993105502135,0.001842767186412098,0.021357115879427537,0.005245993105502135,Running
0.00207192512854217,0.027108551640026148,0.006659852638222105,0.00207192512854217,0.027108551640026148,0.006659852638222105,0.00207192512854217,0.027108551640026148,0.006659852638222105,0.00207192512854217,0.027108551640026148,0.006659852638222105,Running
0.002162889685020581,0.017176288345977522,0.004214820780244924,0.002162889685020581,0.017176288345977522,0.004214820780244924,0.002162889685020581,0.017176288345977522,0.004214820780244924,0.002162889685020581,0.017176288345977522,0.004214820780244924,Running
0.001145595806471632,0.00838400518098109,0.0020557663134145856,0.001145595806471632,0.00838400518098109,0.0020557663134145856,0.001145595806471632,0.00838400518098109,0.0020557663134145856,0.001145595806471632,0.00838400518098109,0.0020557663134145856,Running
0.002545808000495411,0.019335889723315975,0.004741388230245561,0.002545808000495411,0.019335889723315975,0.004741388230245561,0.002545808000495411,0.019335889723315975,0.004741388230245561,0.002545808000495411,0.019335889723315975,0.004741388230245561,Running
0.0038074642897751626,0.032362802425454314,0.007943657621094995,0.0038074642897751626,0.032362802425454314,0.007943657621094995,0.0038074642897751626,0.032362802425454314,0.007943657621094995,0.0038074642897751626,0.032362802425454314,0.007943657621094995,Running
0.0017274869359975714,0.022623034984408846,0.0055577786026055126,0.0017274869359975714,0.022623034984408846,0.0055577786026055126,0.0017274869359975714,0.022623034984408846,0.0055577786026055126,0.0017274869359975714,0.022623034984408846,0.0055577786026055126,Running
0.0039001917601273364,0.028979326392438817,0.007109814324262933,0.0039001917601273364,0.028979326392438817,0.007109814324262933,0.0039001917601273364,0.028979326392438817,0.007109814324262933,0.0039001917601273364,0.028979326392438817,0.007109814324262933,Running
0.005039166333554086,0.0426888683086578,0.010437850277322226,0.005039166333554086,0.0426888683086578,0.010437850277322226,0.005039166333554086,0.0426888683086578,0.010437850277322226,0.005039166333554086,0.0426888683086578,0.010437850277322226,Running
0.004579183939089203,0.028340269276594783,0.006727103181709877,0.004579183939089203,0.028340269276594783,0.006727103181709877,0.004579183939089203,0.028340269276594783,0.006727103181709877,0.004579183939089203,0.028340269276594783,0.006727103181709877,Running
0.004199171437892093,0.015261338903056013,0.003338342981991273,0.004199171437892093,0.015261338903056013,0.003338342981991273,0.004199171437892093,0.015261338903056013,0.003338342981991273,0.004199171437892093,0.015261338903056013,0.003338342981991273,Running
0.004950701297897991,0.033327886706442114,0.008116032359403539,0.004950701297897991,0.033327886706442114,0.008116032359403539,0.004950701297897991,0.033327886706442114,0.008116032359403539,0.004950701297897991,0.033327886706442114,0.008116032359403539,Running
0.003459619082877364,0.020353286977467043,0.0048754374013145856,0.003459619082877364,0.020353286977467043,0.0048754374013145856,0.003459619082877364,0.020353286977467043,0.0048754374013145856,0.003459619082877364,0.020353286977467043,0.0048754374013145856,Running
0.005110586079269022,0.015330401985165241,0.003076060231295037,0.005110586079269022,0.015330401985165241,0.003076060231295037,0.005110586079269022,0.015330401985165241,0.003076060231295037,0.005110586079269022,0.015330401985165241,0.003076060231295037,Running
0.003917056694993664,0.021434253957251206,0.0051212384701012385,0.003917056694993664,0.021434253957251206,0.0051212384701012385,0.003917056694993664,0.021434253957251206,0.0051212384701012385,0.003917056694993664,0.021434253957251206,0.0051212384701012385,Running
0.0014303339349434284,0.004219469890855353,0.0008359647691355081,0.0014303339349434284,0.004219469890855353,0.0008359647691355081,0.0014303339349434284,0.004219469890855353,0.0008359647691355081,0.0014303339349434284,0.004219469890855353,0.0008359647691355081,Running
0.0013328456803760932,0.008130280959883806,0.0019655390895040874,0.0013328456803760932,0.008130280959883806,0.0019655390895040874,0.0013328456803760932,0.008130280959883806,0.0019655390895040874,0.0013328456803760932,0.008130280959883806,0.0019655390895040874,Running
0.0018753758419539452,0.014528862153530381,0.0035651475124321534,0.0018753758419539452,0.014528862153530381,0.0035651475124321534,0.0018753758419539452,0.014528862153530381,0.0035651475124321534,0.0018753758419539452,0.014528862153530381,0.0035651475124321534,Running
0.0015040345555842436,0.010912974242090295,0.002676178723757201,0.0015040345555842436,0.010912974242090295,0.002676178723757201,0.0015040345555842436,0.010912974242090295,0.002676178723757201,0.0015040345555842436,0.010912974242090295,0.002676178723757201,Running
0.0013623720556421846,0.012040421875265274,0.0029557707653983666,0.0013623720556421846,0.012040421875265274,0.0029557707653983666,0.0013623720556421846,0.012040421875265274,0.0029557707653983666,0.0013623720556421846,0.012040421875265274,0.0029557707653983666,Running
0.002941746397268518,0.02267167345753843,0.005561005419710193,0.002941746397268518,0.02267167345753843,0.005561005419710193,0.002941746397268518,0.02267167345753843,0.005561005419710193,0.002941746397268518,0.02267167345753843,0.005561005419710193,Running
0.0016245779807270778,0.01264665375108396,0.003102893648706661,0.0016245779807270778,0.01264665375108396,0.003102893648706661,0.0016245779807270778,0.01264665375108396,0.003102893648706661,0.0016245779807270778,0.01264665375108396,0.003102893648706661,Running
0.0006293417063613472,0.007761269711772986,0.0019058524705128344,0.0006293417063613472,0.007761269711772986,0.0019058524705128344,0.0006293417063613472,0.007761269711772986,0.0019058524705128344,0.0006293417063613472,0.007761269711772986,0.0019058524705128344,Running
0.001982810230008185,0.022043789058678986,0.005413949717932821,0.001982810230008185,0.022043789058678986,0.005413949717932821,0.001982810230008185,0.022043789058678986,0.005413949717932821,0.001982810230008185,0.022043789058678986,0.005413949717932821,Running
0.0023476978198161743,0.02007743020065453,0.004928215772848186,0.0023476978198161743,0.02007743020065453,0.004928215772848186,0.0023476978198161743,0.02007743020065453,0.004928215772848186,0.0023476978198161743,0.02007743020065453,0.004928215772848186,Running
0.0016915932509181102,0.01618848829820513,0.003974853700865564,0.0016915932509181102,0.01618848829820513,0.003974853700865564,0.0016915932509181102,0.01618848829820513,0.003974853700865564,0.0016915932509181102,0.01618848829820513,0.003974853700865564,Running
0.0018928538787443664,0.024847783628322365,0.006104266639176672,0.0018928538787443664,0.024847783628322365,0.006104266639176672,0.0018928538787443664,0.024847783628322365,0.006104266639176672,0.0018928538787443664,0.024847783628322365,0.006104266639176672,Running
0.0034226575461958272,0.02274134030996036,0.005538346926641415,0.0034226575461958272,0.02274134030996036,0.005538346926641415,0.0034226575461958272,0.02274134030996036,0.005538346926641415,0.0034226575461958272,0.02274134030996036,0.005538346926641415,Running
0.005804877996999643,0.03723069593377301,0.009041791323652938,0.005804877996999643,0.03723069593377301,0.009041791323652938,0.005804877996999643,0.03723069593377301,0.009041791323652938,0.005804877996999643,0.03723069593377301,0.009041791323652938,Running
0.00365123434297996,0.017616301265218754,0.004111864283102821,0.00365123434297996,0.017616301265218754,0.004111864283102821,0.00365123434297996,0.017616301265218754,0.004111864283102821,0.00365123434297996,0.017616301265218754,0.004111864283102821,Running
0.006329379666551143,0.04329078057464565,0.010565724087038047,0.006329379666551143,0.04329078057464565,0.010565724087038047,0.006329379666551143,0.04329078057464565,0.010565724087038047,0.006329379666551143,0.04329078057464565,0.010565724087038047,Running
0.0027738510652029827,0.019924010790900483,0.004874186054235219,0.0027738510652029827,0.019924010790900483,0.004874186054235219,0.0027738510652029827,0.019924010790900483,0.004874186054235219,0.0027738510652029827,0.019924010790900483,0.004874186054235219,Running
0.002610079591915411,0.008482394621224753,0.0017513044433921296,0.002610079591915411,0.008482394621224753,0.0017513044433921296,0.002610079591915411,0.008482394621224753,0.0017513044433921296,0.002610079591915411,0.008482394621224753,0.0017513044433921296,Running
0.006704684251491984,0.03886900992866962,0.009331225444854976,0.006704684251491984,0.03886900992866962,0.009331225444854976,0.006704684251491984,0.03886900992866962,0.009331225444854976,0.006704684251491984,0.03886900992866962,0.009331225444854976,Running
0.003513684471421865,0.019781175411737153,0.004720496017356171,0.003513684471421865,0.019781175411737153,0.004720496017356171,0.003513684471421865,0.019781175411737153,0.004720496017356171,0.003513684471421865,0.019781175411737153,0.004720496017356171,Running
0.00155660564833107,0.009697124945648861,0.0023462218513844884,0.00155660564833107,0.009697124945648861,0.0023462218513844884,0.00155660564833107,0.009697124945648861,0.0023462218513844884,0.00155660564833107,0.009697124945648861,0.0023462218513844884,Running
0.0023303537164176026,0.016536970699837176,0.00405080996547259,0.0023303537164176026,0.016536970699837176,0.00405080996547259,0.0023303537164176026,0.016536970699837176,0.00405080996547259,0.0023303537164176026,0.016536970699837176,0.00405080996547259,Running
0.0017107292629045708,0.014983921639436962,0.0036756598028540085,0.0017107292629045708,0.014983921639436962,0.0036756598028540085,0.0017107292629045708,0.014983921639436962,0.0036756598028540085,0.0017107292629045708,0.014983921639436962,0.0036756598028540085,Running
0.0010059111738755862,0.009533004385133556,0.0023404158957883122,0.0010059111738755862,0.009533004385133556,0.0023404158957883122,0.0010059111738755862,0.009533004385133556,0.0023404158957883122,0.0010059111738755862,0.009533004385133556,0.0023404158957883122,Running
0.0021198683322007244,0.017082815648670847,0.0041856914995963375,0.0021198683322007244,0.017082815648670847,0.0041856914995963375,0.0021198683322007244,0.017082815648670847,0.0041856914995963375,0.0021198683322007244,0.017082815648670847,0.0041856914995963375,Running
0.0007389856234695163,0.007776853799302352,0.0019033721746614604,0.0007389856234695163,0.007776853799302352,0.0019033721746614604,0.0007389856234695163,0.007776853799302352,0.0019033721746614604,0.0007389856234695163,0.007776853799302352,0.0019033721746614604,Running
0.0015443310506209884,0.011410448420512758,0.0027984872351678966,0.0015443310506209884,0.011410448420512758,0.0027984872351678966,0.0015443310506209884,0.011410448420512758,0.0027984872351678966,0.0015443310506209884,0.011410448420512758,0.0027984872351678966,Running
0.001173456384883279,0.014460564125775196,0.003547433578174711,0.001173456384883279,0.014460564125775196,0.003547433578174711,0.001173456384883279,0.014460564125775196,0.003547433578174711,0.001173456384883279,0.014460564125775196,0.003547433578174711,Running
0.0004950284686580402,0.0037022867956616793,0.000902004579944055,0.0004950284686580402,0.0037022867956616793,0.000902004579944055,0.0004950284686580402,0.0037022867956616793,0.000902004579944055,0.0004950284686580402,0.0037022867956616793,0.000902004579944055,Running
0.0018755970676977228,0.00850646349421842,0.0019317299322104188,0.0018755970676977228,0.00850646349421842,0.0019317299322104188,0.0018755970676977228,0.00850646349421842,0.0019317299322104188,0.0018755970676977228,0.00850646349421842,0.0019317299322104188,Running
0.0035768593043799236,0.008010796179160076,0.0011446946762709153,0.0035768593043799236,0.008010796179160076,0.0011446946762709153,0.0035768593043799236,0.008010796179160076,0.0011446946762709153,0.0035768593043799236,0.008010796179160076,0.0011446946762709153,Running
0.003736994557630408,0.008275130726176262,0.0011548733905262822,0.003736994557630408,0.008275130726176262,0.0011548733905262822,0.003736994557630408,0.008275130726176262,0.0011548733905262822,0.003736994557630408,0.008275130726176262,0.0011548733905262822,Running
0.000997711399231466,0.00704111968053401,0.0017241405595790362,0.000997711399231466,0.00704111968053401,0.0017241405595790362,0.000997711399231466,0.00704111968053401,0.0017241405595790362,0.000997711399231466,0.00704111968053401,0.0017241405595790362,Running
0.004492634716244376,0.009033921079666203,0.0009438083609221442,0.004492634716244376,0.009033921079666203,0.0009438083609221442,0.004492634716244376,0.009033921079666203,0.0009438083609221442,0.004492634716244376,0.009033921079666203,0.0009438083609221442,Running
0.003432478857424011,0.01176775191489096,0.0025126399137232365,0.003432478857424011,0.01176775191489096,0.0025126399137232365,0.003432478857424011,0.01176775191489096,0.0025126399137232365,0.003432478857424011,0.01176775191489096,0.0025126399137232365,Running
0.0019560473281321124,0.013825699702857585,0.003375868683361473,0.0019560473281321124,0.013825699702857585,0.003375868683361473,0.0019560473281321124,0.013825699702857585,0.003375868683361473,0.0019560473281321124,0.013825699702857585,0.003375868683361473,Running
0.0006484520432459027,0.003909445588042936,0.0009343879573239727,0.0006484520432459027,0.003909445588042936,0.0009343879573239727,0.0006484520432459027,0.003909445588042936,0.0009343879573239727,0.0006484520432459027,0.003909445588042936,0.0009343879573239727,Running
0.0014539854038034608,0.01053028538331533,0.0025832229419179486,0.0014539854038034608,0.01053028538331533,0.0025832229419179486,0.0014539854038034608,0.01053028538331533,0.0025832229419179486,0.0014539854038034608,0.01053028538331533,0.0025832229419179486,Running
0.0015289091645905282,0.011165816659780144,0.0027344852815668797,0.0015289091645905282,0.011165816659780144,0.0027344852815668797,0.0015289091645905282,0.011165816659780144,0.0027344852815668797,0.0015289091645905282,0.011165816659780144,0.0027344852815668797,Running
0.00024147756921467657,0.0020107114636986802,0.0004909083169112034,0.00024147756921467657,0.0020107114636986802,0.0004909083169112034,0.00024147756921467657,0.0020107114636986802,0.0004909083169112034,0.00024147756921467657,0.0020107114636986802,0.0004909083169112034,Running
0.0010967489954733733,0.009094069596583898,0.0022285116496652616,0.0010967489954733733,0.009094069596583898,0.0022285116496652616,0.0010967489954733733,0.009094069596583898,0.0022285116496652616,0.0010967489954733733,0.009094069596583898,0.0022285116496652616,Running
0.000865417085415745,0.008054624084850132,0.00197428633415712,0.000865417085415745,0.008054624084850132,0.00197428633415712,0.000865417085415745,0.008054624084850132,0.00197428633415712,0.000865417085415745,0.008054624084850132,0.00197428633415712,Running
0.00023025724873906557,0.001647557126845844,0.0004029797915232267,0.00023025724873906557,0.001647557126845844,0.0004029797915232267,0.00023025724873906557,0.001647557126845844,0.0004029797915232267,0.00023025724873906557,0.001647557126845844,0.0004029797915232267,Running
0.000695652586460211,0.00504622697038166,0.0012331929568069639,0.000695652586460211,0.00504622697038166,0.0012331929568069639,0.000695652586460211,0.00504622697038166,0.0012331929568069639,0.000695652586460211,0.00504622697038166,0.0012331929568069639,Running
0.00046966956170969745,0.004787750398290425,0.0011683166883549026,0.00046966956170969745,0.004787750398290425,0.0011683166883549026,0.00046966956170969745,0.004787750398290425,0.0011683166883549026,0.00046966956170969745,0.004787750398290425,0.0011683166883549026,Running
0.0005912755074470487,0.00744221139639802,0.0018280477725095745,0.0005912755074470487,0.00744221139639802,0.0018280477725095745,0.0005912755074470487,0.00744221139639802,0.0018280477725095745,0.0005912755074470487,0.00744221139639802,0.0018280477725095745,Running
0.00020295605711762675,0.0007229831985657541,0.000156231073251597,0.00020295605711762675,0.0007229831985657541,0.000156231073251597,0.00020295605711762675,0.0007229831985657541,0.000156231073251597,0.00020295605711762675,0.0007229831985657541,0.000156231073251597,Running
0.0003985760647539545,0.00516815437969116,0.0012696556584005805,0.0003985760647539545,0.00516815437969116,0.0012696556584005805,0.0003985760647539545,0.00516815437969116,0.0012696556584005805,0.0003985760647539545,0.00516815437969116,0.0012696556584005805,Running
0.0001029565797671564,0.0008419121049360711,0.00020643535576239818,0.0001029565797671564,0.0008419121049360711,0.00020643535576239818,0.0001029565797671564,0.0008419121049360711,0.00020643535576239818,0.0001029565797671564,0.0008419121049360711,0.00020643535576239818,Running
8.549204786434389e-05,0.0006015641542536516,0.00014715207857181692,8.549204786434389e-05,0.0006015641542536516,0.00014715207857181692,8.549204786434389e-05,0.0006015641542536516,0.00014715207857181692,8.549204786434389e-05,0.0006015641542536516,0.00014715207857181692,Running
0.00012882480641983421,0.0014627984352734015,0.00035929516444934486,0.00012882480641983421,0.0014627984352734015,0.00035929516444934486,0.00012882480641983421,0.0014627984352734015,0.00035929516444934486,0.00012882480641983421,0.0014627984352734015,0.00035929516444934486,Running
2.5234278417776633e-05,0.00033217810225347097,8.159999301409915e-05,2.5234278417776633e-05,0.00033217810225347097,8.159999301409915e-05,2.5234278417776633e-05,0.00033217810225347097,8.159999301409915e-05,2.5234278417776633e-05,0.00033217810225347097,8.159999301409915e-05,Running
7.650169502528551e-05,0.0007913803287074009,0.0001943375161615253,7.650169502528551e-05,0.0007913803287074009,0.0001943375161615253,7.650169502528551e-05,0.0007913803287074009,0.0001943375161615253,7.650169502528551e-05,0.0007913803287074009,0.0001943375161615253,Running
8.589651779442211e-06,0.00011283402104055706,2.7716795433875637e-05,8.589651779442211e-06,0.00011283402104055706,2.7716795433875637e-05,8.589651779442211e-06,0.00011283402104055706,2.7716795433875637e-05,8.589651779442211e-06,0.00011283402104055706,2.7716795433875637e-05,Running
3.562433775677977e-05,0.0004491706607689144,0.00011032245423684793,3.562433775677977e-05,0.0004491706607689144,0.00011032245423684793,3.562433775677977e-05,0.0004491706607689144,0.00011032245423684793,3.562433775677977e-05,0.0004491706607689144,0.00011032245423684793,Running
3.58111390169924e-05,0.0004298756646917205,0.00010559707845144816,3.58111390169924e-05,0.0004298756646917205,0.00010559707845144816,3.58111390169924e-05,0.0004298756646917205,0.00010559707845144816,3.58111390169924e-05,0.0004298756646917205,0.00010559707845144816,Running
4.9559083950626e-05,0.0005599964577985532,0.00013747731538994785,4.9559083950626e-05,0.0005599964577985532,0.00013747731538994785,4.9559083950626e-05,0.0005599964577985532,0.00013747731538994785,4.9559083950626e-05,0.0005599964577985532,0.00013747731538994785,Running
2.690795578545081e-05,0.00028821706777828543,7.074329863965001e-05,2.690795578545081e-05,0.00028821706777828543,7.074329863965001e-05,2.690795578545081e-05,0.00028821706777828543,7.074329863965001e-05,2.690795578545081e-05,0.00028821706777828543,7.074329863965001e-05,Running
3.71479599092384e-05,0.0003921658369441929,9.60734583452804e-05,3.71479599092384e-05,0.0003921658369441929,9.60734583452804e-05,3.71479599092384e-05,0.0003921658369441929,9.60734583452804e-05,3.71479599092384e-05,0.0003921658369441929,9.60734583452804e-05,Running
1.601521017338951e-05,0.00013701408577409112,3.323289749702145e-05,1.601521017338951e-05,0.00013701408577409112,3.323289749702145e-05,1.601521017338951e-05,0.00013701408577409112,3.323289749702145e-05,1.601521017338951e-05,0.00013701408577409112,3.323289749702145e-05,Running
2.8585520536717674e-05,0.00020997564352935683,5.101753610173357e-05,2.8585520536717674e-05,0.00020997564352935683,5.101753610173357e-05,2.8585520536717674e-05,0.00020997564352935683,5.101753610173357e-05,2.8585520536717674e-05,0.00020997564352935683,5.101753610173357e-05,Running
1.7688196082342784e-05,0.00015442312283556726,3.751102359246183e-05,1.7688196082342784e-05,0.00015442312283556726,3.751102359246183e-05,1.7688196082342784e-05,0.00015442312283556726,3.751102359246183e-05,1.7688196082342784e-05,0.00015442312283556726,3.751102359246183e-05,Running
3.1968967959857446e-05,0.000299787556519498,7.334928819773206e-05,3.1968967959857446e-05,0.000299787556519498,7.334928819773206e-05,3.1968967959857446e-05,0.000299787556519498,7.334928819773206e-05,3.1968967959857446e-05,0.000299787556519498,7.334928819773206e-05,Running
2.3479830713588355e-05,0.0001362313793922784,3.2768004068204577e-05,2.3479830713588355e-05,0.0001362313793922784,3.2768004068204577e-05,2.3479830713588355e-05,0.0001362313793922784,3.2768004068204577e-05,2.3479830713588355e-05,0.0001362313793922784,3.2768004068204577e-05,Running
3.424192050941994e-05,0.0003594537971219379,8.82681555906909e-05,3.424192050941994e-05,0.0003594537971219379,8.82681555906909e-05,3.424192050941994e-05,0.0003594537971219379,8.82681555906909e-05,3.424192050941994e-05,0.0003594537971219379,8.82681555906909e-05,Running
2.7035564679672512e-05,0.00023333006162115508,5.693647887126251e-05,2.7035564679672512e-05,0.00023333006162115508,5.693647887126251e-05,2.7035564679672512e-05,0.00023333006162115508,5.693647887126251e-05,2.7035564679672512e-05,0.00023333006162115508,5.693647887126251e-05,Running
3.75342030878502e-05,0.0002616270296099679,6.39959028545476e-05,3.75342030878502e-05,0.0002616270296099679,6.39959028545476e-05,3.75342030878502e-05,0.0002616270296099679,6.39959028545476e-05,3.75342030878502e-05,0.0002616270296099679,6.39959028545476e-05,Running
3.6137597262328024e-05,0.0002648279263926768,6.483752528807987e-05,3.6137597262328024e-05,0.0002648279263926768,6.483752528807987e-05,3.6137597262328024e-05,0.0002648279263926768,6.483752528807987e-05,3.6137597262328024e-05,0.0002648279263926768,6.483752528807987e-05,Running
2.1814427095755007e-05,0.0001705693185361504,4.131711048776983e-05,2.1814427095755007e-05,0.0001705693185361504,4.131711048776983e-05,2.1814427095755007e-05,0.0001705693185361504,4.131711048776983e-05,2.1814427095755007e-05,0.0001705693185361504,4.131711048776983e-05,Running
2.8974851367556112e-05,0.00021326577421082907,5.2263031274844826e-05,2.8974851367556112e-05,0.00021326577421082907,5.2263031274844826e-05,2.8974851367556112e-05,0.00021326577421082907,5.2263031274844826e-05,2.8974851367556112e-05,0.00021326577421082907,5.2263031274844826e-05,Running
2.2591689598123502e-05,0.00013253350705748744,3.19086476825896e-05,2.2591689598123502e-05,0.00013253350705748744,3.19086476825896e-05,2.2591689598123502e-05,0.00013253350705748744,3.19086476825896e-05,2.2591689598123502e-05,0.00013253350705748744,3.19086476825896e-05,Running
3.1084046540121043e-05,0.00022441377263367592,5.496727815844156e-05,3.1084046540121043e-05,0.00022441377263367592,5.496727815844156e-05,3.1084046540121043e-05,0.00022441377263367592,5.496727815844156e-05,3.1084046540121043e-05,0.00022441377263367592,5.496727815844156e-05,Running
5.301207784012971e-05,0.0004359653247291879,0.0001070012405470433,5.301207784012971e-05,0.0004359653247291879,0.0001070012405470433,5.301207784012971e-05,0.0004359653247291879,0.0001070012405470433,5.301207784012971e-05,0.0004359653247291879,0.0001070012405470433,Running
8.015541141491504e-05,0.0009665052143530176,0.00023696684235673118,8.015541141491504e-05,0.0009665052143530176,0.00023696684235673118,8.015541141491504e-05,0.0009665052143530176,0.00023696684235673118,8.015541141491504e-05,0.0009665052143530176,0.00023696684235673118,Running
0.0025645517416753886,0.032719034948601664,0.008037902834541436,0.0025645517416753886,0.032719034948601664,0.008037902834541436,0.0025645517416753886,0.032719034948601664,0.008037902834541436,0.0025645517416753886,0.032719034948601664,0.008037902834541436,Running
