index,time,trans_x,trans_y,trans_z,roll,pitch,yaw
1,6237.01,0.000844111,0.000460845,2.47984e-05,7.79657e-14,4.56317e-13,-1.01751e-10
2,6237.11,0.000512431,-0.000732331,3.06358e-05,7.02739e-05,2.74752e-05,0.000296425
3,6237.21,0.000602402,-0.00133474,4.69558e-05,-0.00014328,-5.47534e-05,0.000146401
4,6237.31,0.00120645,-0.00176538,5.64913e-05,-0.000166249,-5.93978e-05,0.000215183
5,6237.41,0.00157441,-0.00152107,7.82784e-05,-0.000168197,-3.40389e-05,0.000124072
6,6237.52,0.00204359,-0.00174091,6.19138e-05,-0.000305219,-6.31998e-05,0.000131834
7,6237.62,0.00180045,-0.00143438,0.000114281,-0.000425514,-0.000188678,0.000183485
8,6237.72,0.00100191,-0.00139049,0.000121064,-0.000417214,-0.000195407,0.000173703
9,6237.82,0.000582163,-0.00104764,0.000107079,-0.000368759,-0.000232976,0.000143295
10,6237.92,0.000813351,-0.00112041,6.80258e-05,-0.000303076,-0.000232975,0.00019197
11,6238.02,0.000602615,-0.000962861,3.71282e-05,-0.000331975,-0.000336813,0.000130095
12,6238.12,-0.000639641,-0.00150082,7.83147e-05,-0.000375278,-0.000171122,0.000322037
13,6238.22,-0.00378219,-0.00397564,3.90937e-05,0.00264776,-0.00510986,0.000459041
14,6238.32,0.00472796,-0.00825936,0.00325806,0.000252369,-0.018716,0.00075164
15,6238.42,0.0289321,-0.0102497,0.00051424,0.00132919,-0.0217543,-0.00120973
16,6238.52,0.0678746,-0.0168107,0.000719908,0.013892,-0.0309452,0.00768892
17,6238.62,0.112596,-0.0200262,1.94232e-05,0.0121572,-0.0330102,0.000218827
18,6238.73,0.169597,-0.0340171,-0.00413147,0.0271831,0.00449399,-0.0110258
19,6238.83,0.221325,-0.0411981,-0.00502656,0.0285065,0.000509425,-0.00815331
20,6238.93,0.265746,-0.041609,-0.00352485,0.0254701,0.0011234,-0.00388709
21,6239.03,0.310677,-0.0393637,-0.00800086,0.0263422,0.0132833,-0.0143124
22,6239.13,0.334273,-0.0398719,-0.00472441,0.021626,0.00369141,-0.0125497
23,6239.23,0.357778,-0.0404142,-0.0015678,0.015557,0.00469089,-0.00907272
24,6239.33,0.371191,-0.0358667,-0.0018233,0.00667252,0.000846895,-0.0168159
25,6239.43,0.38086,-0.0350962,-0.00279591,0.00534619,-0.000197491,-0.0103726
26,6239.53,0.39401,-0.0384077,-0.000523557,0.00416644,-0.00367614,-0.0105602
27,6239.63,0.398404,-0.0379917,-2.4036e-05,0.00508689,-0.0083927,-0.0200342
28,6239.73,0.409362,-0.0397944,-0.00125082,0.005342,-0.00698386,-0.0176347
29,6239.84,0.432861,-0.0438951,-0.0015467,0.00997264,-0.0155522,-0.0137302
30,6239.94,0.454551,-0.0462915,-0.00117638,0.00921537,-0.0130077,-0.0200472
31,6240.04,0.492891,-0.0506658,-0.00271815,0.0162118,-0.00558162,-0.0190352
32,6240.14,0.535046,-0.0533842,-0.00361132,0.0178279,-0.00865124,-0.0118429
33,6240.24,0.5695,-0.0501073,-0.00450459,0.0159583,-0.0111554,-0.0238734
34,6240.34,0.608863,-0.0509539,-0.00611823,0.0226579,0.00412814,-0.0220947
35,6240.44,0.645545,-0.0600254,-0.00413442,0.0212334,-0.00951353,-0.0177653
36,6240.54,0.67248,-0.0589225,-1.9934e-05,0.0137705,-0.00447417,-0.0240192
37,6240.64,0.701327,-0.0587818,-0.00557701,0.0159784,0.0100847,-0.0282912
38,6240.74,0.719922,-0.0634545,-0.00356701,0.0119041,-0.00132751,-0.0280886
39,6240.84,0.737733,-0.0621178,-0.000479403,0.0146793,0.000799924,-0.0275555
40,6240.94,0.753891,-0.0623737,-0.00388068,0.00994288,0.00264255,-0.0350531
41,6241.05,0.761729,-0.0637269,-0.00530663,0.00992426,-0.00199687,-0.0288207
42,6241.15,0.774011,-0.0654485,-0.00173752,0.0148952,-0.00122817,-0.0330107
43,6241.25,0.784934,-0.0626779,-0.00276072,0.0110337,-0.00596152,-0.0402144
44,6241.35,0.794515,-0.0621252,-0.00518091,0.00987815,-0.00714697,-0.0371842
45,6241.45,0.82228,-0.0631892,-0.00316622,0.0102874,-0.00997785,-0.0360792
46,6241.55,0.849846,-0.0629952,-0.00308294,0.00542683,-0.00822125,-0.0437519
47,6241.65,0.878303,-0.0649535,-0.00570679,0.00918523,-0.00857648,-0.044791
48,6241.75,0.920455,-0.0638067,-0.00786307,0.00608163,-0.00369612,-0.0374075
49,6241.85,0.960691,-0.0617999,-0.00810676,0.00376271,-0.00961359,-0.0444337
50,6241.95,1.01271,-0.0640392,-0.00795429,0.0103692,0.00165313,-0.0460888
51,6242.05,1.06452,-0.0732572,-0.00871247,0.0146383,-0.00212708,-0.0367099
52,6242.15,1.10973,-0.0735742,-0.00797214,0.0144195,-0.00924804,-0.0384939
53,6242.26,1.16797,-0.0796352,-0.0130241,0.0210389,0.00947264,-0.0428538
54,6242.36,1.21636,-0.0907377,-0.0132614,0.021602,-0.00540959,-0.0359875
55,6242.46,1.27193,-0.0957544,-0.00730395,0.0242562,-0.00473128,-0.0410811
56,6242.56,1.32948,-0.0997669,-0.0144587,0.0276423,0.0148727,-0.0473798
57,6242.66,1.37438,-0.106279,-0.0145158,0.0239066,0.00217334,-0.0434527
58,6242.76,1.41878,-0.105093,-0.0111606,0.0162176,0.013112,-0.043194
59,6242.86,1.4584,-0.100601,-0.0139348,0.0135872,0.0110567,-0.0514568
60,6242.96,1.48041,-0.103243,-0.0140449,0.0149608,0.00604742,-0.0492683
61,6243.06,1.50498,-0.104013,-0.0086984,0.0152586,0.0118634,-0.0473688
62,6243.16,1.5243,-0.101208,-0.00912487,0.0121363,0.00455172,-0.0558822
63,6243.26,1.53516,-0.106513,-0.00988267,0.0193537,0.00903158,-0.0529274
64,6243.37,1.55328,-0.110883,-0.00575694,0.0201835,0.00232666,-0.050791
65,6243.47,1.55863,-0.111744,-0.00470606,0.0186879,0.000526971,-0.0598177
66,6243.57,1.56904,-0.111581,-0.00730892,0.0213027,0.006987,-0.061078
67,6243.67,1.572,-0.110779,-0.0117461,0.00875833,-0.00179045,-0.0568206
68,6243.77,1.57027,-0.106673,-0.0117848,0.0048089,-0.00116117,-0.0572561
69,6243.87,1.56713,-0.107099,-0.0114204,0.0025524,-0.00170228,-0.0579354
70,6243.97,1.56421,-0.108349,-0.0113363,0.00443438,-0.00259699,-0.0584063
71,6244.07,1.56217,-0.107736,-0.01102,0.00633389,-0.0026681,-0.0550788
72,6244.17,1.56465,-0.100457,-0.0098516,0.0121568,-0.00490335,-0.0124089
73,6244.27,1.57328,-0.092227,-0.00845325,0.011907,-0.0104949,0.121161
74,6244.37,1.57174,-0.10118,-0.00644641,0.0355511,-0.00131495,0.363136
75,6244.47,1.58256,-0.101687,-0.00824132,0.0355077,-0.0138006,0.638458
76,6244.58,1.58087,-0.101596,-0.00867945,0.0488165,-0.0183671,0.724766
77,6244.68,1.58256,-0.0969544,-0.0115421,0.0579525,-0.00587503,0.7512
78,6244.78,1.58825,-0.0966061,-0.00943587,0.0563536,-0.0209547,0.767736
79,6244.88,1.58198,-0.088375,-0.00898542,0.0372682,-0.0117302,0.765642
80,6244.98,1.58159,-0.0836643,-0.010921,0.0407367,-0.00312414,0.81818
81,6245.08,1.58271,-0.0711735,-0.00802354,0.0377079,-0.0149411,0.988536
82,6245.18,1.57229,-0.067376,-0.014118,0.0409911,-0.0158063,1.21253
83,6245.28,1.5489,-0.074832,-0.00973146,0.0356968,-0.0143292,1.46796
84,6245.38,1.52618,-0.0687324,-0.00796749,0.0163778,-0.015603,1.74361
85,6245.48,1.51143,-0.0723597,-0.00802372,-0.00660708,-0.00855064,1.85166
86,6245.58,1.49821,-0.0659046,-0.00844452,-0.0143411,-0.00958424,1.907
87,6245.68,1.5054,-0.0649827,-0.00622166,-0.0109935,-0.0148284,1.91129
88,6245.79,1.50889,-0.0623966,-0.00479912,-0.00120704,-0.0169329,1.91748
89,6245.89,1.51117,-0.0629683,-0.00665591,0.00560473,-0.0151514,1.90666
90,6245.99,1.51796,-0.0672867,-0.00817586,0.0223716,-0.00471248,1.91749
91,6246.09,1.5318,-0.0625796,-0.00618055,0.0370849,-0.0198954,1.90477
92,6246.19,1.53708,-0.0571519,-0.00228811,0.0272692,-0.0109911,1.81448
93,6246.29,1.54713,-0.0601343,-0.00854643,0.0416104,0.00011776,1.76639
94,6246.39,1.55349,-0.05556,-0.0070305,0.0454395,-0.0194733,1.76631
95,6246.49,1.55316,-0.0608844,-0.00563464,0.0274605,-0.0103178,1.75119
96,6246.59,1.55293,-0.0596962,-0.00993169,0.0264549,-0.00604047,1.74743
97,6246.69,1.55328,-0.0645328,-0.0149348,0.0140079,-0.0101387,1.75395
98,6246.79,1.55199,-0.0642236,-0.0147482,0.00377273,-0.00665009,1.75253
99,6246.9,1.5521,-0.062652,-0.0143996,0.00354936,-0.00492404,1.7534
100,6247,1.55285,-0.0612207,-0.013913,0.00668328,-0.00408047,1.75184
101,6247.1,1.55266,-0.0618874,-0.0139521,0.00713597,-0.00435006,1.75134
102,6247.2,1.55048,-0.0643295,-0.0139319,0.00301891,-0.00580368,1.75215
103,6247.3,1.55148,-0.0638416,-0.00881684,-7.75695e-05,-0.0084508,1.75144
104,6247.4,1.54966,-0.0468234,-0.0110479,-0.00813688,-0.0151672,1.74453
105,6247.5,1.54832,-0.0248003,-0.0106523,0.00128522,-0.0153956,1.75366
106,6247.6,1.54666,0.0127816,-0.0102991,0.00545926,-0.0164142,1.75548
107,6247.7,1.54387,0.06536,-0.0141727,0.0140638,-0.00856457,1.74308
108,6247.8,1.54533,0.120362,-0.0147626,0.029544,-0.0105128,1.75162
109,6247.9,1.53824,0.189964,-0.0123624,0.0349458,-0.00981217,1.75453
110,6248,1.53133,0.258856,-0.0122163,0.0335037,0.00263029,1.73989
111,6248.11,1.52182,0.333661,-0.016854,0.0409696,0.00226665,1.74041
112,6248.21,1.50789,0.420363,-0.0198151,0.0278234,0.0101371,1.74493
113,6248.31,1.48892,0.486828,-0.0219785,0.0155846,0.0142277,1.73561
114,6248.41,1.47912,0.545385,-0.0168755,0.0209354,0.0255539,1.73307
115,6248.51,1.46901,0.600171,-0.0135241,0.00656427,0.0218474,1.73852
116,6248.61,1.45983,0.637685,-0.010562,0.000105104,0.0152321,1.74017
117,6248.71,1.45548,0.674318,-0.0103186,4.04141e-05,0.0258134,1.73662
118,6248.81,1.46157,0.692824,-0.00850291,0.00788801,0.0166071,1.74467
119,6248.91,1.46146,0.710323,-0.00593406,0.0123693,0.00814656,1.74543
120,6249.01,1.46395,0.729133,-0.0088786,0.0134076,0.00932439,1.74004
121,6249.11,1.4637,0.753987,-0.00894121,0.0105438,0.00184194,1.74229
122,6249.21,1.45923,0.790176,-0.00889046,0.0230724,-0.00381223,1.74371
123,6249.32,1.45237,0.838336,-0.0141344,0.0204835,0.00390174,1.73393
124,6249.42,1.44579,0.889743,-0.0178871,0.0151636,4.36349e-05,1.73901
125,6249.52,1.43503,0.940179,-0.0130483,0.0129518,0.0117135,1.74496
126,6249.62,1.42567,0.985495,-0.0178143,0.0135802,0.0176862,1.73603
127,6249.72,1.42308,1.02268,-0.0174463,0.0189125,0.0167199,1.73982
128,6249.82,1.42025,1.05681,-0.0127793,0.0184182,0.0170101,1.74564
129,6249.92,1.41799,1.07646,-0.0128251,0.0180724,0.0127203,1.7366
130,6250.02,1.41439,1.09405,-0.0150704,0.0195259,0.0169311,1.73653
131,6250.12,1.41099,1.1232,-0.0133844,0.0228643,0.00347774,1.73922
132,6250.22,1.40497,1.15514,-0.0137378,0.0158919,0.00426074,1.73382
133,6250.32,1.40036,1.1992,-0.0167239,0.0194019,0.00467068,1.73467
134,6250.43,1.39227,1.25734,-0.0183011,0.0234638,0.000753717,1.74416
135,6250.53,1.38225,1.31319,-0.0201457,0.0183864,-0.00851043,1.73805
136,6250.63,1.37489,1.3816,-0.0208384,0.0247752,0.0111066,1.7346
137,6250.73,1.36634,1.45022,-0.0214317,0.0232903,0.00284053,1.74073
138,6250.83,1.35196,1.51214,-0.0186283,0.00725569,0.0119855,1.74523
139,6250.93,1.34235,1.57406,-0.023024,0.0150935,0.0281089,1.73791
140,6251.03,1.34086,1.61687,-0.0214382,0.015718,0.0213851,1.74082
141,6251.13,1.33308,1.65381,-0.0156933,0.00784323,0.0234928,1.74539
142,6251.23,1.32565,1.68065,-0.0188342,0.012212,0.0279136,1.73514
143,6251.33,1.32648,1.69987,-0.0187189,0.0184424,0.0305422,1.73694
144,6251.43,1.32602,1.71835,-0.0162621,0.0180562,0.0254073,1.74134
145,6251.54,1.32225,1.72627,-0.0172602,0.00995867,0.0227482,1.73431
146,6251.64,1.31953,1.73128,-0.0197974,0.0108116,0.0214838,1.73446
147,6251.74,1.31804,1.74388,-0.019157,0.0125707,0.0131766,1.7385
148,6251.84,1.31577,1.7663,-0.0182641,0.00793327,0.0109448,1.73316
149,6251.94,1.31506,1.79375,-0.0226826,0.0166539,0.0152624,1.72955
150,6252.04,1.30657,1.83878,-0.0244438,0.0154495,0.0192006,1.73662
151,6252.14,1.29752,1.87582,-0.027319,0.0098487,0.0257509,1.729
152,6252.24,1.2935,1.92054,-0.027079,0.0236118,0.0376433,1.72512
153,6252.34,1.28982,1.96951,-0.0277646,0.0237179,0.0307233,1.73165
154,6252.44,1.2827,2.0009,-0.0263648,0.017419,0.0338516,1.73198
155,6252.54,1.27865,2.03578,-0.0269787,0.0224733,0.0340837,1.72926
156,6252.64,1.2815,2.05544,-0.0234485,0.0208347,0.0195997,1.73169
157,6252.74,1.27799,2.0721,-0.0238632,0.0187733,0.0179353,1.73215
158,6252.85,1.27533,2.08708,-0.0272317,0.0180123,0.0145009,1.72545
159,6252.95,1.27512,2.09293,-0.0286775,0.0171911,0.00708136,1.72975
160,6253.05,1.27677,2.104,-0.024566,0.0248065,-0.000983309,1.73352
161,6253.15,1.27425,2.1204,-0.0277943,0.0188038,-0.00443408,1.72708
162,6253.25,1.27258,2.13832,-0.0299373,0.0178883,-0.0072182,1.72811
163,6253.35,1.26567,2.16942,-0.0277893,0.0173166,-0.00797536,1.73347
164,6253.45,1.25797,2.2021,-0.0295125,0.0127375,-0.00725101,1.72811
165,6253.55,1.25358,2.23227,-0.0313512,0.0189389,-0.00663613,1.73243
166,6253.65,1.24671,2.27534,-0.031147,0.009809,-0.00221567,1.73596
167,6253.75,1.23754,2.3059,-0.0313234,0.00748153,0.00183997,1.73076
168,6253.85,1.23164,2.33767,-0.031998,0.0106861,0.0104116,1.73231
169,6253.96,1.23073,2.36456,-0.0303882,0.0114729,0.0039739,1.73602
170,6254.06,1.22407,2.38047,-0.0289433,0.00574217,0.00691301,1.72792
171,6254.16,1.22119,2.39755,-0.0323866,0.0052062,0.00775893,1.73088
172,6254.26,1.22478,2.4057,-0.0305229,0.00862547,0.000267043,1.7351
173,6254.36,1.22123,2.41104,-0.0289373,0.00620634,-0.000489581,1.73646
174,6254.46,1.21908,2.42126,-0.032664,0.000645733,-0.00246258,1.73299
175,6254.56,1.21777,2.43316,-0.0317453,0.00593085,-0.0123955,1.73976
176,6254.66,1.21403,2.45274,-0.0316775,0.00563601,-0.0145163,1.73805
177,6254.76,1.2146,2.48695,-0.0345443,0.00284478,-0.00524367,1.73275
178,6254.86,1.21403,2.51809,-0.0383874,0.00763607,-0.00693998,1.73767
179,6254.96,1.20882,2.55438,-0.0331646,0.0133428,-0.00101617,1.73903
180,6255.06,1.20204,2.5877,-0.036482,0.0120195,0.00700884,1.72839
181,6255.17,1.20086,2.6121,-0.0359577,0.0168352,0.0129631,1.73296
182,6255.27,1.19746,2.63925,-0.0330084,0.0103892,0.0117071,1.73451
183,6255.37,1.18938,2.65467,-0.0318201,0.00713543,0.00625402,1.72835
184,6255.47,1.18709,2.66435,-0.0332765,0.00968036,0.00918325,1.73689
185,6255.57,1.18478,2.67582,-0.0314021,0.00748406,0.00566957,1.74041
186,6255.67,1.18482,2.67453,-0.0341984,0.00781801,0.00260323,1.73739
187,6255.77,1.18393,2.67667,-0.0370878,0.00149733,0.00358868,1.74006
188,6255.87,1.18417,2.6749,-0.037269,0.00115222,0.00280646,1.74021
189,6255.97,1.183,2.67337,-0.0370713,0.000175009,0.00220432,1.73972
190,6256.07,1.18225,2.67366,-0.0369599,-0.000851918,0.0021314,1.74048
191,6256.17,1.18038,2.67511,-0.0368955,0.000115443,0.00229815,1.74179
192,6256.28,1.17856,2.67686,-0.0367611,-0.00375597,0.00267584,1.76373
193,6256.38,1.18064,2.67147,-0.0369915,0.00242059,-0.00124709,1.81075
194,6256.48,1.1837,2.67527,-0.0383256,-0.000381834,-0.00456319,1.91938
195,6256.58,1.18818,2.67618,-0.035282,0.0101942,-0.00498909,1.97296
196,6256.68,1.18905,2.68029,-0.0332944,0.0138772,-0.00611731,1.99145
197,6256.78,1.186,2.69125,-0.034249,0.0143746,-0.00371418,1.99022
198,6256.88,1.18462,2.68933,-0.0325863,0.0231896,-0.00564374,2.0279
199,6256.98,1.18158,2.68742,-0.0333783,0.0295398,-0.00999113,2.16708
200,6257.08,1.17088,2.68348,-0.0360892,0.0221643,-0.0143365,2.36598
201,6257.18,1.16755,2.66766,-0.0332798,0.0135713,-0.0127684,2.62189
202,6257.28,1.15326,2.64541,-0.0338786,0.0023913,-0.00307633,2.86293
203,6257.38,1.15013,2.63226,-0.0354277,-0.00767657,-0.0140559,2.99154
204,6257.49,1.14535,2.63006,-0.0350661,-0.0081449,-0.0143821,3.03182
205,6257.59,1.13945,2.63371,-0.0335,-0.000617448,-0.0141071,3.05053
206,6257.69,1.14236,2.64403,-0.0338749,0.00195994,-0.0145516,3.04357
207,6257.79,1.13677,2.65229,-0.0353292,0.0165206,0.00142686,3.04336
208,6257.89,1.13202,2.66423,-0.0328531,0.0272325,-0.00935929,3.04977
209,6257.99,1.13182,2.66855,-0.0310772,0.0317898,-0.0117788,3.04674
210,6258.09,1.12949,2.6744,-0.0335928,0.028286,-0.00444445,3.04183
211,6258.19,1.13388,2.68006,-0.0331051,0.0295784,-0.0147835,3.04709
212,6258.29,1.13671,2.68052,-0.0297966,0.0313203,-0.0125853,3.04602
213,6258.39,1.13244,2.68004,-0.0313993,0.0235937,-0.00787627,3.03774
214,6258.49,1.13648,2.67793,-0.0330003,0.0265413,-0.0107092,3.03827
215,6258.59,1.13737,2.68181,-0.0364897,0.015287,-0.00469081,3.03877
216,6258.7,1.13504,2.68093,-0.0364621,0.0148675,-0.00453159,3.0394
217,6258.8,1.13257,2.68114,-0.0362121,0.0159486,-0.00395409,3.03988
218,6258.9,1.1327,2.68234,-0.0353566,0.0193904,-0.00912872,3.03866
219,6259,1.12966,2.68511,-0.0308083,0.0151956,-0.0108741,3.03847
220,6259.1,1.11927,2.68838,-0.0332457,0.0123798,-0.00951243,3.03435
221,6259.2,1.09737,2.69486,-0.0323565,0.0206251,-0.015861,3.04471
222,6259.3,1.07553,2.69999,-0.0324178,0.0156793,-0.0137304,3.04113
223,6259.4,1.03892,2.70852,-0.0344203,0.0142607,-0.00455767,3.03341
224,6259.51,1.00388,2.71738,-0.0376732,0.0223899,-0.00822194,3.04038
225,6259.6,0.965375,2.72448,-0.0318955,0.0244083,-0.00847892,3.03872
226,6259.7,0.919431,2.73596,-0.0348928,0.0292216,0.00098159,3.02837
227,6259.81,0.881914,2.74794,-0.0349616,0.0374884,0.00106796,3.02916
228,6259.91,0.838566,2.75455,-0.0321355,0.0327209,0.00339705,3.03699
229,6260.01,0.805269,2.75935,-0.0336276,0.0296814,0.0094189,3.02689
230,6260.11,0.777282,2.76388,-0.0339881,0.0319765,0.0205091,3.02877
231,6260.21,0.751044,2.76564,-0.0322094,0.0265538,0.0132132,3.03173
232,6260.31,0.737656,2.7648,-0.0325342,0.0168285,0.0145735,3.02695
233,6260.41,0.72849,2.76393,-0.033532,0.0144087,0.0147561,3.02802
234,6260.51,0.719069,2.76668,-0.0327098,0.0159735,0.00665449,3.03309
235,6260.61,0.718913,2.76822,-0.0323159,0.0138349,0.00471944,3.0314
236,6260.71,0.712815,2.7698,-0.0326823,0.0156809,0.00741755,3.02825
237,6260.81,0.719566,2.77283,-0.0367984,0.0120059,0.00488836,3.03247
238,6260.91,0.714493,2.77267,-0.0368481,0.0137135,0.00746164,3.03363
239,6261.02,0.708115,2.77387,-0.0371455,0.0177603,0.00580295,3.03427
240,6261.12,0.700745,2.77839,-0.0347607,0.0127132,-0.00111611,3.03472
241,6261.22,0.68719,2.78202,-0.0355188,0.0167034,-2.96043e-05,3.03506
242,6261.32,0.665083,2.78797,-0.0352024,0.016688,-0.00324754,3.04242
243,6261.42,0.650158,2.79598,-0.0352212,0.0155545,-0.0047764,3.03701
244,6261.52,0.629716,2.80188,-0.0362253,0.0293963,0.00855471,3.03278
245,6261.62,0.6029,2.8124,-0.0354628,0.0273542,-0.000986469,3.03653
246,6261.72,0.582338,2.81305,-0.0355803,0.0201165,-0.00134753,3.02816
247,6261.82,0.559149,2.81905,-0.0378286,0.0192804,0.00789886,3.02479
248,6261.92,0.539845,2.82415,-0.0357643,0.0191246,-0.00146736,3.02917
249,6262.02,0.527062,2.82234,-0.0323685,0.0130991,0.00613523,3.02296
250,6262.12,0.510638,2.82177,-0.037505,0.00948038,0.0082195,3.02255
251,6262.23,0.505436,2.82384,-0.0372694,0.0103548,0.000180258,3.04492
252,6262.33,0.500649,2.82256,-0.0346928,0.0209899,-0.00152609,3.12727
253,6262.43,0.496345,2.81766,-0.0386639,0.0191421,-0.00494247,-3.01164
254,6262.53,0.509839,2.80007,-0.0381393,0.0190242,-0.00458712,-2.821
255,6262.63,0.507037,2.78883,-0.0358902,0.00525942,0.00356191,-2.74091
256,6262.73,0.501969,2.77882,-0.0369499,0.0047491,-0.00302981,-2.72584
257,6262.83,0.498583,2.77557,-0.0352121,0.00943611,0.00255801,-2.71299
258,6262.93,0.486694,2.782,-0.0347241,0.0108668,-0.00236324,-2.70928
259,6263.03,0.490772,2.79231,-0.0346646,0.0153724,-0.0056684,-2.71224
260,6263.13,0.491836,2.79682,-0.0361918,0.0216917,0.00566157,-2.70788
261,6263.23,0.488561,2.80051,-0.0349909,0.0303567,-0.0108877,-2.70311
262,6263.34,0.492106,2.80275,-0.0337343,0.0300721,-0.0125794,-2.71272
263,6263.44,0.487622,2.80294,-0.0363344,0.0337825,-0.00161443,-2.71721
264,6263.54,0.490561,2.80969,-0.0394072,0.0210445,-0.0106974,-2.71199
265,6263.64,0.49016,2.80649,-0.0398761,0.0164658,-0.00773425,-2.71193
266,6263.74,0.488043,2.8041,-0.0398209,0.0150946,-0.00631549,-2.71079
267,6263.84,0.486421,2.80436,-0.0397371,0.0164348,-0.00500327,-2.71134
268,6263.94,0.48858,2.80502,-0.0392202,0.0177225,-0.00455814,-2.71286
269,6264.04,0.484917,2.80674,-0.0373301,0.0168795,-0.00344836,-2.71059
270,6264.14,0.476436,2.80457,-0.0359906,0.0104731,-0.0237201,-2.71716
271,6264.24,0.459902,2.80234,-0.0358191,0.0177752,-0.0221543,-2.71353
272,6264.34,0.428941,2.79276,-0.0370885,0.018468,-0.020545,-2.70957
273,6264.44,0.388055,2.77747,-0.0361508,0.0181523,-0.0191829,-2.7174
274,6264.55,0.345997,2.76837,-0.0394525,0.0367043,-0.00713531,-2.71851
275,6264.65,0.283691,2.74498,-0.0428902,0.0330664,-0.0102186,-2.71224
276,6264.75,0.229743,2.72101,-0.0440766,0.0261053,-0.00739286,-2.72404
277,6264.85,0.161007,2.69794,-0.0444498,0.0394365,0.00679978,-2.72941
278,6264.95,0.0950131,2.67109,-0.0448363,0.0381255,-0.00796209,-2.72282
279,6265.05,0.0346063,2.63978,-0.04401,0.0270173,-0.0140995,-2.72088
280,6265.15,-0.0342026,2.61556,-0.0482796,0.0341411,0.0187027,-2.72672
281,6265.25,-0.0916423,2.59436,-0.0441467,0.0298135,0.0117349,-2.71743
282,6265.35,-0.134007,2.57552,-0.041115,0.0216551,0.0130291,-2.70862
283,6265.46,-0.178847,2.55385,-0.0439967,0.0297626,0.0208825,-2.71933
284,6265.55,-0.198917,2.54818,-0.042961,0.0241501,0.0138268,-2.71582
285,6265.66,-0.226141,2.53754,-0.0392408,0.0201699,0.0129135,-2.71573
286,6265.76,-0.243138,2.52636,-0.0409956,0.0187643,0.00202607,-2.72226
287,6265.86,-0.256494,2.52753,-0.0437736,0.0174597,0.00464941,-2.72146
288,6265.96,-0.268913,2.52947,-0.0390326,0.0254223,-0.00687155,-2.72132
289,6266.06,-0.288496,2.5296,-0.0408843,0.0275037,-0.0178595,-2.72963
290,6266.16,-0.31354,2.52571,-0.0424041,0.035471,-0.0130976,-2.73045
291,6266.26,-0.357165,2.51071,-0.0436832,0.0343806,-0.014728,-2.73027
292,6266.36,-0.402859,2.48821,-0.0442062,0.0278038,-0.00817639,-2.74258
293,6266.46,-0.449608,2.47163,-0.0466287,0.0401874,-0.00276032,-2.74578
294,6266.56,-0.5039,2.44649,-0.0483412,0.0288794,0.00157421,-2.7359
295,6266.66,-0.545936,2.4258,-0.0479538,0.0263877,0.00766136,-2.7443
296,6266.76,-0.58914,2.40769,-0.0483536,0.0285489,0.0197741,-2.74737
297,6266.87,-0.620194,2.40052,-0.0465671,0.0262213,0.0109117,-2.74158
298,6266.97,-0.64233,2.39041,-0.0454839,0.0160802,0.0149009,-2.74251
299,6267.07,-0.664021,2.38361,-0.0465837,0.019893,0.0155472,-2.74711
300,6267.17,-0.678942,2.38611,-0.0447493,0.0234423,0.00684206,-2.73873
301,6267.27,-0.68651,2.38939,-0.04232,0.0307308,0.00671772,-2.74577
302,6267.37,-0.702648,2.38401,-0.0440884,0.0293186,0.00488704,-2.75048
303,6267.47,-0.707845,2.38997,-0.0433205,0.0302373,0.00694303,-2.74879
304,6267.57,-0.717263,2.39019,-0.043588,0.038958,0.000588293,-2.74115
305,6267.68,-0.7184,2.39455,-0.0492568,0.0361268,0.000794136,-2.72744
306,6267.77,-0.718853,2.39429,-0.0495893,0.0341546,0.00260058,-2.72507
307,6267.87,-0.719352,2.3928,-0.0493162,0.0328221,0.00351613,-2.72908
308,6267.97,-0.719104,2.39204,-0.0493812,0.0316669,0.00385309,-2.72757
309,6268.08,-0.718881,2.39131,-0.0494736,0.033008,0.00295597,-2.72815
310,6268.18,-0.717832,2.39195,-0.0504332,0.0364274,-0.00670854,-2.69449
311,6268.28,-0.717076,2.393,-0.050932,0.0251379,-0.0165515,-2.60098
312,6268.38,-0.719857,2.39189,-0.0500334,0.0208274,-0.0129981,-2.57387
313,6268.48,-0.72377,2.39467,-0.0492029,0.0247818,-0.0216673,-2.55074
314,6268.58,-0.723841,2.39566,-0.0479114,0.021539,-0.0223556,-2.55232
315,6268.68,-0.729381,2.39794,-0.0474928,0.0238579,-0.0115659,-2.55444
316,6268.78,-0.737304,2.39914,-0.0450626,0.0288603,-0.0235751,-2.5464
317,6268.88,-0.746816,2.39994,-0.0455689,0.0403909,-0.0374774,-2.54484
318,6268.98,-0.780301,2.3853,-0.0476432,0.0318801,-0.0271164,-2.55562
319,6269.08,-0.820326,2.3661,-0.0522777,0.0401594,-0.0344319,-2.5498
320,6269.19,-0.877479,2.32842,-0.0525018,0.0319489,-0.0276656,-2.55258
321,6269.29,-0.947426,2.28713,-0.0546161,0.0397345,-0.0048357,-2.56214
322,6269.39,-1.019,2.25232,-0.0547683,0.049352,0.000679518,-2.56343
323,6269.49,-1.08791,2.20792,-0.0578269,0.0275464,0.0142004,-2.55427
324,6269.59,-1.13436,2.17418,-0.056964,0.0382313,0.0178887,-2.55776
325,6269.69,-1.17899,2.15186,-0.0539258,0.0431133,0.0256169,-2.56154
326,6269.79,-1.2161,2.12966,-0.0512723,0.0197501,0.0152026,-2.55125
327,6269.89,-1.23607,2.11467,-0.049639,0.0134502,0.0135806,-2.55367
328,6269.99,-1.25556,2.10322,-0.0522898,0.00794905,0.0197899,-2.55658
329,6270.09,-1.26887,2.1012,-0.0506165,0.00897334,0.007106,-2.54822
330,6270.19,-1.27631,2.09758,-0.0488969,0.00207661,0.00878461,-2.55389
331,6270.29,-1.28641,2.09302,-0.0521781,0.00283107,0.00852398,-2.55618
332,6270.4,-1.2949,2.09883,-0.0495714,0.00887796,0.00176011,-2.55141
333,6270.5,-1.29687,2.09888,-0.0478436,0.0121446,-0.003349,-2.55097
334,6270.6,-1.2973,2.10332,-0.0560715,0.0104677,-0.00372504,-2.55172
335,6270.7,-1.29907,2.10323,-0.0557848,0.0111766,-0.00312452,-2.54879
336,6270.8,-1.29866,2.10094,-0.0555476,0.00757222,-0.0020643,-2.54914
337,6270.9,-1.29744,2.10091,-0.0553441,0.00751399,-0.00190642,-2.54626
338,6271,-1.29783,2.10224,-0.055168,0.00923752,-0.00237714,-2.54832
339,6271.1,-1.29822,2.10311,-0.0549824,0.0102581,-0.00253851,-2.54895
340,6271.2,-1.29831,2.10279,-0.0549402,0.00939469,-0.00242354,-2.54863
341,6271.3,-1.29831,2.10301,-0.0549635,0.00871659,-0.00249729,-2.54775
342,6271.4,-1.29857,2.10341,-0.0549617,0.00928352,-0.00246412,-2.54841
343,6271.5,-1.2989,2.10374,-0.0549734,0.00958337,-0.00247073,-2.54837
344,6271.61,-1.29818,2.10293,-0.0550117,0.00926464,-0.00251093,-2.5425
345,6271.71,-1.29812,2.10253,-0.0549998,0.00692053,-0.00253741,-2.53754
346,6271.81,-1.29851,2.10262,-0.0549811,0.00788668,-0.00223823,-2.54183
347,6271.91,-1.29911,2.10349,-0.0549395,0.00877422,-0.00232337,-2.54221
348,6272.01,-1.29918,2.10366,-0.0549272,0.00841304,-0.00239507,-2.5438
349,6272.11,-1.29926,2.10356,-0.054956,0.00787316,-0.00247671,-2.54332
350,6272.21,-1.29997,2.10431,-0.0549278,0.00820574,-0.00247775,-2.54278
351,6272.31,-1.29933,2.10369,-0.055123,0.00844206,-0.00285796,-2.53032
352,6272.41,-1.30037,2.10567,-0.0522935,0.00807791,-0.00347573,-2.51082
353,6272.51,-1.30774,2.10427,-0.0542669,0.00346241,-0.0117537,-2.51434
354,6272.61,-1.31457,2.10901,-0.0533278,0.0150634,-0.00823965,-2.50713
355,6272.72,-1.32499,2.11144,-0.0497077,0.0279358,-0.0129103,-2.50217
356,6272.82,-1.33055,2.11224,-0.0506324,0.022163,-0.0108972,-2.51399
357,6272.92,-1.33403,2.1166,-0.0520656,0.0262628,-0.0051361,-2.50683
358,6273.02,-1.34149,2.11433,-0.0475974,0.03036,-0.00889268,-2.50234
359,6273.12,-1.34169,2.11453,-0.0537527,0.0233206,-0.00374877,-2.50598
360,6273.22,-1.34178,2.11577,-0.0543571,0.019055,-0.00275638,-2.50257
361,6273.32,-1.34163,2.11584,-0.0543481,0.0170145,-0.00209193,-2.5014
362,6273.42,-1.34095,2.11592,-0.0543263,0.0161921,-0.0023908,-2.5017
363,6273.52,-1.34115,2.11625,-0.054274,0.0162025,-0.00235174,-2.50127
364,6273.62,-1.34028,2.11699,-0.0534874,0.0166909,-0.00198911,-2.50196
365,6273.72,-1.34139,2.11642,-0.0542486,0.0165036,-0.0021686,-2.50155
366,6273.82,-1.34146,2.11635,-0.0542202,0.0160709,-0.00208645,-2.50143
367,6273.93,-1.34155,2.1168,-0.0541859,0.0163486,-0.00210465,-2.50164
368,6274.03,-1.34171,2.11712,-0.0541494,0.0165818,-0.00217789,-2.50171
369,6274.13,-1.34157,2.11689,-0.0541282,0.0162574,-0.0021703,-2.50148
370,6274.23,-1.34178,2.11694,-0.0541222,0.0160879,-0.0020024,-2.50162
371,6274.33,-1.34199,2.11708,-0.054079,0.0163848,-0.00198665,-2.50165
372,6274.43,-1.34223,2.11727,-0.0540582,0.016416,-0.0020193,-2.50173
373,6274.53,-1.34238,2.11746,-0.0540402,0.0162056,-0.00199337,-2.50165
374,6274.63,-1.34223,2.11744,-0.054037,0.0158638,-0.00187411,-2.50174
375,6274.73,-1.34233,2.11941,-0.0537858,0.00961833,-0.00268577,-2.50121
376,6274.83,-1.34505,2.12093,-0.050679,0.0246923,-0.00447265,-2.49492
377,6274.93,-1.35006,2.11692,-0.0505312,0.0368983,-0.00166793,-2.50409
378,6275.04,-1.3526,2.11128,-0.0486221,0.0444903,-0.00464699,-2.49381
379,6275.14,-1.3529,2.10284,-0.0471635,0.0489026,-0.00691577,-2.49101
380,6275.24,-1.34915,2.08774,-0.048608,0.030198,-0.000391713,-2.49946
381,6275.34,-1.34178,2.08339,-0.0495804,0.0261036,-0.0108485,-2.49284
382,6275.44,-1.3393,2.07454,-0.0470931,0.0284619,-0.0024544,-2.48823
383,6275.54,-1.32319,2.06101,-0.0483283,0.0411903,-0.00556819,-2.49473
384,6275.64,-1.32041,2.05488,-0.0503948,0.0946963,0.00764314,-2.48496
385,6275.74,-1.31514,2.03904,-0.0456835,0.0918619,-0.0110191,-2.48341
386,6275.84,-1.30246,2.02438,-0.0442125,0.0696624,0.00400163,-2.49501
387,6275.94,-1.28489,2.00804,-0.0474384,0.0632459,-0.00575685,-2.4865
388,6276.04,-1.27686,1.99055,-0.0459371,0.0502597,-0.014307,-2.4778
389,6276.14,-1.26142,1.97861,-0.0452653,0.0334665,-0.00205367,-2.48318
390,6276.25,-1.25174,1.96954,-0.0457417,0.0251365,-0.00682922,-2.47884
391,6276.35,-1.25244,1.96418,-0.0445002,0.0229133,-0.0158681,-2.46871
392,6276.45,-1.24563,1.96012,-0.043094,0.0162912,-0.00810619,-2.47056
393,6276.55,-1.2412,1.9615,-0.0496968,0.017779,-0.0057993,-2.47
394,6276.65,-1.24295,1.96644,-0.0490386,0.0283553,-0.0107994,-2.4658
395,6276.75,-1.25007,1.96921,-0.0467841,0.0365955,-0.0224583,-2.46492
396,6276.85,-1.26403,1.96476,-0.0496688,0.0333758,-0.0165476,-2.47052
397,6276.95,-1.2838,1.95546,-0.047263,0.0400237,-0.0280257,-2.46276
398,6277.05,-1.308,1.93759,-0.0479496,0.034882,-0.0259796,-2.46462
399,6277.15,-1.34336,1.9132,-0.0513644,0.0302401,-0.00949112,-2.47347
400,6277.25,-1.37435,1.89643,-0.0521333,0.0318385,-0.0112174,-2.46656
401,6277.35,-1.40577,1.87335,-0.0483847,0.0298648,-0.00596243,-2.46365
402,6277.46,-1.42966,1.85102,-0.049141,0.0296316,0.000814292,-2.47269
403,6277.56,-1.44517,1.84137,-0.0486639,0.0274542,-0.00435248,-2.47108
404,6277.66,-1.46316,1.8261,-0.0464493,0.0283708,-0.00599685,-2.4688
405,6277.76,-1.47816,1.80995,-0.047909,0.0240057,-0.0130587,-2.47528
406,6277.86,-1.49571,1.79736,-0.0493127,0.023856,-0.0135592,-2.47209
407,6277.96,-1.51884,1.77641,-0.0478011,0.0205421,-0.013177,-2.4666
408,6278.06,-1.54516,1.75254,-0.0486142,0.0182766,-0.0137952,-2.47264
409,6278.16,-1.57446,1.73246,-0.0509076,0.0227154,-0.0102497,-2.46718
410,6278.27,-1.61381,1.70184,-0.0517885,0.0177118,-0.0137375,-2.4596
411,6278.36,-1.64272,1.67729,-0.0516077,0.0117693,-0.0118971,-2.4668
412,6278.46,-1.68231,1.64856,-0.052493,0.0198958,0.00217729,-2.46661
413,6278.57,-1.71988,1.62475,-0.0532255,0.0196109,-0.00266757,-2.45911
414,6278.67,-1.74373,1.59632,-0.0505217,0.0081503,0.00539525,-2.46342
415,6278.77,-1.77182,1.5717,-0.0540498,0.00882146,0.0124836,-2.46671
416,6278.87,-1.79121,1.56126,-0.0510195,0.00749514,0.00435143,-2.46052
417,6278.97,-1.80579,1.55025,-0.048529,-0.00119167,0.0112251,-2.45617
418,6279.07,-1.8178,1.53884,-0.0514745,-0.00214238,0.00446666,-2.46089
419,6279.17,-1.82508,1.54047,-0.0520919,0.000658104,0.005321,-2.45588
420,6279.27,-1.83367,1.53691,-0.0483483,0.00286087,0.00130746,-2.45084
421,6279.37,-1.84032,1.53152,-0.0487747,0.00118189,-0.00657926,-2.45766
422,6279.47,-1.8439,1.53447,-0.0500975,0.00738455,0.000279444,-2.45526
423,6279.57,-1.85532,1.52985,-0.0487632,0.008794,-0.00421365,-2.4485
424,6279.67,-1.84848,1.5338,-0.0537422,0.0112874,-0.0074094,-2.44256
425,6279.78,-1.85544,1.52887,-0.056198,0.0172877,-0.0111745,-2.37846
426,6279.88,-1.8586,1.52867,-0.053967,0.00991824,-0.0222964,-2.2534
427,6279.98,-1.85755,1.53206,-0.0530867,0.021987,-0.0120867,-2.19522
428,6280.08,-1.86196,1.53066,-0.0529752,0.0217555,-0.0141192,-2.16924
429,6280.18,-1.86453,1.52783,-0.0503175,0.0192576,-0.0158816,-2.16825
430,6280.28,-1.86907,1.52638,-0.0528156,0.0330745,-0.00713485,-2.16575
431,6280.38,-1.87651,1.52384,-0.0520381,0.0463223,-0.0200118,-2.13016
432,6280.48,-1.87415,1.52063,-0.0524319,0.0380607,-0.018306,-1.98591
433,6280.58,-1.8645,1.52542,-0.0520351,0.0351474,-0.00894425,-1.78161
434,6280.68,-1.85537,1.51441,-0.0499176,0.0303904,-0.0141478,-1.59998
435,6280.78,-1.84708,1.5067,-0.0508026,0.0286315,-0.0124757,-1.55562
436,6280.88,-1.84586,1.49737,-0.0498335,0.0251381,-0.00332034,-1.54323
437,6280.99,-1.85157,1.48896,-0.0480476,0.0240205,-0.0102312,-1.53668
438,6281.09,-1.85612,1.4871,-0.0459365,0.0261327,-0.0103742,-1.53212
439,6281.19,-1.85796,1.48047,-0.0485108,0.0265677,-0.0037179,-1.54002
440,6281.29,-1.86321,1.48384,-0.0496669,0.0309413,-0.00738096,-1.53122
441,6281.39,-1.86936,1.48364,-0.0457545,0.0398354,-0.0122348,-1.52682
442,6281.49,-1.87092,1.47642,-0.0479482,0.0312007,-0.0157291,-1.53693
443,6281.59,-1.87176,1.47148,-0.0486305,0.0293182,-0.0192853,-1.53616
444,6281.69,-1.86806,1.44239,-0.0476044,0.0303946,-0.0197206,-1.53172
445,6281.79,-1.86676,1.40446,-0.0487331,0.0233192,-0.0196629,-1.54135
446,6281.89,-1.87262,1.36262,-0.0514246,0.0364511,-0.0155749,-1.53804
447,6281.99,-1.87597,1.30297,-0.0511379,0.0338719,-0.0172321,-1.53212
448,6282.1,-1.87775,1.24704,-0.0497014,0.03822,-0.0040325,-1.54194
449,6282.2,-1.88291,1.20532,-0.0520535,0.0494687,0.0141452,-1.54627
450,6282.3,-1.89182,1.15492,-0.0503081,0.0373278,-0.000375885,-1.53519
451,6282.4,-1.89142,1.1266,-0.0487072,0.0363768,0.00531703,-1.53539
452,6282.5,-1.89374,1.10033,-0.0474289,0.0383438,0.0136074,-1.54073
453,6282.6,-1.89676,1.08369,-0.0457215,0.0299745,-0.00182902,-1.53471
454,6282.7,-1.89755,1.06888,-0.0440436,0.0289959,-0.0112748,-1.53642
455,6282.8,-1.8958,1.04964,-0.0466952,0.0174505,-0.00979037,-1.53861
456,6282.9,-1.89373,1.02206,-0.0451693,0.0159196,-0.019027,-1.53406
457,6283,-1.88931,0.991537,-0.0452742,0.0107626,-0.0173887,-1.5361
458,6283.1,-1.89009,0.939345,-0.0495107,0.00930549,-0.00897082,-1.54435
459,6283.2,-1.89353,0.887485,-0.0520946,0.0156204,-0.0162569,-1.53653
460,6283.31,-1.89198,0.82691,-0.0491761,0.0122562,-0.0157185,-1.53251
461,6283.41,-1.89425,0.761409,-0.0527216,0.0217517,-0.00425461,-1.5427
462,6283.51,-1.89865,0.703289,-0.0516785,0.0369411,-0.00719192,-1.53547
463,6283.61,-1.89828,0.631445,-0.0517088,0.0247524,-0.0133768,-1.52929
464,6283.71,-1.89595,0.570526,-0.0519428,0.0244264,-0.00551763,-1.54077
465,6283.81,-1.89804,0.509382,-0.0530395,0.0346897,0.00348527,-1.53871
466,6283.91,-1.89489,0.437046,-0.0526164,0.0184803,-0.000579587,-1.53288
467,6284.01,-1.88995,0.389537,-0.0518231,0.0179513,0.00989315,-1.53962
468,6284.11,-1.88568,0.338166,-0.0508418,0.0270986,0.0194791,-1.5392
469,6284.21,-1.88456,0.298102,-0.0498925,0.023595,0.0112355,-1.5328
470,6284.31,-1.88086,0.274883,-0.0455377,0.0208055,0.00978379,-1.53919
471,6284.41,-1.88287,0.245204,-0.0468464,0.0235217,0.0181267,-1.54422
472,6284.52,-1.88731,0.229171,-0.0441335,0.0232198,0.00493672,-1.54171
473,6284.62,-1.8882,0.215425,-0.0437132,0.0217081,0.00547134,-1.53768
474,6284.72,-1.88486,0.205089,-0.0460558,0.0152677,0.00225742,-1.54386
475,6284.82,-1.88703,0.201259,-0.0440922,0.0156159,-0.00872928,-1.53784
476,6284.92,-1.88639,0.197578,-0.0436191,0.0105913,-0.00656332,-1.53578
477,6285.02,-1.88618,0.198846,-0.0510202,0.00863483,-0.00534991,-1.53624
478,6285.12,-1.89047,0.192095,-0.0512822,0.0127069,-0.0122471,-1.52925
479,6285.22,-1.89227,0.181295,-0.0502411,0.0086702,-0.0287433,-1.53149
480,6285.32,-1.89777,0.165759,-0.0514903,0.0216043,-0.0162161,-1.52965
481,6285.42,-1.8993,0.137144,-0.0505234,0.0252088,-0.0210922,-1.52389
482,6285.52,-1.90291,0.111898,-0.0507546,0.0204375,-0.019785,-1.53363
483,6285.63,-1.90467,0.0811707,-0.0511092,0.0290551,-0.0147458,-1.53559
484,6285.73,-1.9059,0.038482,-0.0523951,0.0236035,-0.0164492,-1.52747
485,6285.83,-1.90327,0.00715575,-0.0515576,0.0208613,-0.0122355,-1.53558
486,6285.93,-1.90312,-0.0283982,-0.0504234,0.0244434,-0.000929619,-1.53506
487,6286.03,-1.90748,-0.0555502,-0.0496539,0.0237775,-0.00886455,-1.52955
488,6286.13,-1.90705,-0.0756882,-0.0448292,0.0221069,-0.00627284,-1.53277
489,6286.23,-1.9008,-0.0978399,-0.0472261,0.0194414,-0.00329506,-1.5375
490,6286.33,-1.9035,-0.106271,-0.0457197,0.0206537,-0.0121385,-1.53061
491,6286.43,-1.90077,-0.11553,-0.0431561,0.0230958,-0.0163968,-1.52662
492,6286.53,-1.90245,-0.12364,-0.047109,0.0151718,-0.0178059,-1.53426
493,6286.63,-1.9048,-0.130703,-0.0480014,0.0149036,-0.021731,-1.52888
494,6286.73,-1.90422,-0.14778,-0.0443706,0.0212628,-0.0249215,-1.52552
495,6286.84,-1.90528,-0.174148,-0.0478268,0.0161163,-0.0225923,-1.53246
496,6286.94,-1.90902,-0.204889,-0.0514772,0.0207749,-0.0235352,-1.52889
497,6287.04,-1.90688,-0.243418,-0.0465104,0.0213705,-0.0197371,-1.5262
498,6287.14,-1.90366,-0.281281,-0.048671,0.0194288,-0.0137198,-1.53553
499,6287.24,-1.90594,-0.320811,-0.0491313,0.0314295,-0.00687533,-1.5345
500,6287.34,-1.90746,-0.362179,-0.0481427,0.0267729,-0.0109383,-1.52667
501,6287.44,-1.90326,-0.392192,-0.0471999,0.0219638,-0.005265,-1.53079
502,6287.54,-1.90061,-0.413971,-0.0467894,0.0242135,0.00337583,-1.5279
503,6287.64,-1.90128,-0.436398,-0.044807,0.0200788,-0.00729267,-1.52191
504,6287.74,-1.89881,-0.445771,-0.0440771,0.0180588,-0.00306624,-1.52858
505,6287.84,-1.8976,-0.459582,-0.0446404,0.0153875,0.000445563,-1.52552
506,6287.95,-1.89738,-0.465646,-0.0428539,0.0204358,-0.0142494,-1.48035
507,6288.05,-1.88686,-0.469709,-0.0444399,0.0241008,-0.016388,-1.32946
508,6288.15,-1.87515,-0.464084,-0.0449547,0.015524,-0.00800683,-1.07883
509,6288.25,-1.85374,-0.462087,-0.0444375,0.021348,-0.011722,-0.771836
510,6288.35,-1.83587,-0.454059,-0.0420187,0.00860372,-0.0103761,-0.605776
511,6288.45,-1.8224,-0.450891,-0.0452526,0.00580126,-0.011303,-0.539663
512,6288.55,-1.81505,-0.457692,-0.0439823,0.00695138,-0.00925369,-0.519541
513,6288.65,-1.81691,-0.461988,-0.0423318,0.0131665,-0.014335,-0.512287
514,6288.75,-1.81139,-0.471828,-0.0432687,0.010714,-0.01393,-0.521254
515,6288.85,-1.81296,-0.478731,-0.0435023,0.0234278,-0.00507369,-0.513827
516,6288.95,-1.81147,-0.485617,-0.0401409,0.0273236,-0.0174399,-0.507496
517,6289.05,-1.80882,-0.48527,-0.037004,0.0266786,-0.0176496,-0.496735
518,6289.16,-1.81119,-0.483042,-0.0404737,0.0353946,-0.00231501,-0.418637
519,6289.26,-1.80594,-0.48271,-0.0394566,0.0297465,-0.0122516,-0.336391
520,6289.36,-1.80899,-0.478832,-0.0392236,0.0242215,-0.0132711,-0.330856
521,6289.46,-1.80924,-0.477468,-0.0396988,0.0289506,-0.00866767,-0.320141
522,6289.56,-1.80585,-0.486379,-0.0376402,0.0307721,-0.0224797,-0.314137
523,6289.66,-1.80838,-0.481736,-0.0380895,0.0252605,-0.0200782,-0.287027
524,6289.76,-1.80951,-0.480415,-0.0357479,0.0318657,-0.0105355,-0.150818
525,6289.86,-1.80272,-0.478263,-0.0353275,0.0287827,-0.0207939,0.0486497
526,6289.96,-1.80368,-0.477685,-0.0375094,0.022758,-0.0190223,0.107968
527,6290.06,-1.80358,-0.476375,-0.038489,0.0197391,-0.0160084,0.120497
528,6290.16,-1.80699,-0.479798,-0.0379582,0.0255056,-0.0222684,0.133321
529,6290.27,-1.80682,-0.482979,-0.035675,0.0282345,-0.0230752,0.137567
530,6290.37,-1.80656,-0.481128,-0.0385428,0.0212886,-0.017727,0.127973
531,6290.47,-1.80649,-0.48731,-0.0402353,0.0264344,-0.0174256,0.135524
532,6290.57,-1.80436,-0.492636,-0.0363969,0.0338238,-0.0285061,0.137875
533,6290.67,-1.79408,-0.490254,-0.0356105,0.0257522,-0.0303039,0.127228
534,6290.77,-1.77662,-0.494189,-0.0382483,0.029392,-0.0246214,0.126513
535,6290.87,-1.7442,-0.49049,-0.0370262,0.0314049,-0.0235732,0.131534
536,6290.97,-1.70359,-0.48575,-0.0363341,0.0180617,-0.0184973,0.122139
537,6291.07,-1.66092,-0.484823,-0.0401418,0.03239,-0.00827322,0.129294
538,6291.17,-1.60768,-0.481085,-0.0404144,0.0248553,-0.0104068,0.133825
539,6291.27,-1.56357,-0.468391,-0.0407171,0.0222431,-0.0014539,0.132644
540,6291.37,-1.52014,-0.463358,-0.0391676,0.0274385,0.0123375,0.131027
541,6291.48,-1.48635,-0.463082,-0.0371639,0.0249351,0.00550558,0.138743
542,6291.58,-1.45926,-0.459999,-0.0333681,0.0266339,0.00510639,0.133282
543,6291.68,-1.43582,-0.463197,-0.0349788,0.0313599,0.0138096,0.128615
544,6291.78,-1.42347,-0.470914,-0.0332032,0.0284096,-0.00465598,0.132468
545,6291.88,-1.40954,-0.468918,-0.0302097,0.0313308,-0.0108951,0.135588
546,6291.98,-1.39008,-0.468429,-0.0336889,0.0223373,-0.00599293,0.128465
547,6292.08,-1.37182,-0.469449,-0.0317075,0.0175369,-0.0133644,0.12739
548,6292.18,-1.34645,-0.463737,-0.0302616,0.0208024,-0.0163386,0.127537
549,6292.28,-1.31163,-0.461692,-0.0323753,0.0164073,-0.0106182,0.121731
550,6292.38,-1.28072,-0.461669,-0.0346209,0.0280372,-0.0128926,0.126533
551,6292.48,-1.24281,-0.457302,-0.0298511,0.0273823,-0.00795459,0.129655
552,6292.58,-1.21245,-0.453062,-0.0320682,0.0256028,-0.00426316,0.123105
553,6292.69,-1.18666,-0.454937,-0.0320165,0.0369643,0.00598486,0.12753
554,6292.79,-1.16161,-0.457038,-0.0301846,0.031009,-0.00175711,0.131265
555,6292.89,-1.15084,-0.455282,-0.0293906,0.0251963,-0.0032339,0.127948
556,6292.99,-1.13922,-0.45296,-0.0310971,0.026714,-0.000760222,0.129377
557,6293.09,-1.12941,-0.455452,-0.0291302,0.0261425,-0.0145166,0.134345
558,6293.19,-1.11767,-0.455579,-0.0290066,0.0221373,-0.0170465,0.131691
559,6293.29,-1.09619,-0.460148,-0.0322114,0.0259411,-0.00756989,0.128499
560,6293.39,-1.07553,-0.463311,-0.0315662,0.0303647,-0.0188592,0.13367
561,6293.49,-1.04995,-0.455557,-0.0310363,0.0285602,-0.0189505,0.132732
562,6293.59,-1.01717,-0.453312,-0.0331655,0.0271267,-0.00364764,0.123766
563,6293.69,-0.991808,-0.456842,-0.0334503,0.0191607,-0.0162992,0.128387
564,6293.8,-0.966929,-0.452998,-0.0317671,0.0190295,-0.00915625,0.131041
565,6293.9,-0.946196,-0.446886,-0.0317015,0.0107809,-0.0195786,0.123925
566,6294,-0.930551,-0.449005,-0.0323827,0.014206,-0.0211254,0.134063
567,6294.1,-0.922156,-0.453066,-0.0260894,0.0189455,-0.0243853,0.13401
568,6294.2,-0.911205,-0.457084,-0.0283324,0.0166626,-0.02444,0.128496
569,6294.3,-0.90762,-0.464932,-0.0300873,0.0235196,-0.0249882,0.134656
570,6294.4,-0.897237,-0.465497,-0.025168,0.0367729,-0.0365503,0.138703
571,6294.5,-0.886218,-0.466702,-0.0260683,0.0302007,-0.0389848,0.132606
572,6294.6,-0.87309,-0.465614,-0.0278686,0.0316874,-0.0403383,0.134647
573,6294.7,-0.848534,-0.462838,-0.0259147,0.031171,-0.0460684,0.140029
574,6294.8,-0.822703,-0.459719,-0.0251598,0.0176742,-0.0404964,0.135528
575,6294.9,-0.786317,-0.4564,-0.029072,0.0175386,-0.0385866,0.133905
576,6295.01,-0.73978,-0.451324,-0.0302529,0.0166303,-0.0378853,0.142298
577,6295.11,-0.691153,-0.446031,-0.0300079,0.0121093,-0.0403028,0.135257
578,6295.21,-0.635244,-0.443761,-0.0283119,0.0173196,-0.0283644,0.133669
579,6295.31,-0.574326,-0.441094,-0.0305697,0.028105,-0.0289741,0.145666
580,6295.41,-0.523134,-0.435063,-0.0287428,0.0269473,-0.0288786,0.142264
581,6295.51,-0.465443,-0.436537,-0.0299364,0.0416894,0.00719326,0.133805
582,6295.61,-0.417589,-0.438363,-0.0291144,0.037572,-0.00562392,0.141996
583,6295.71,-0.37551,-0.434096,-0.0222275,0.0352403,0.00680932,0.146225
584,6295.81,-0.342666,-0.428497,-0.0248359,0.0357728,0.012895,0.137801
585,6295.91,-0.320461,-0.426005,-0.0239679,0.031834,0.00955198,0.143569
586,6296.01,-0.299024,-0.424697,-0.0195614,0.0314821,0.00607413,0.145061
587,6296.11,-0.28382,-0.420592,-0.0212722,0.0241405,0.00270253,0.136785
588,6296.22,-0.276802,-0.42006,-0.021129,0.0288868,0.00493652,0.141928
589,6296.32,-0.265255,-0.421865,-0.0187575,0.0234168,-0.00365892,0.144648
590,6296.42,-0.265648,-0.419222,-0.0190083,0.0177521,-0.00789664,0.138764
591,6296.52,-0.26683,-0.421281,-0.0193467,0.0170899,-0.00410346,0.142617
592,6296.62,-0.269645,-0.420614,-0.0260015,0.00490724,-0.00905843,0.144634
593,6296.72,-0.271366,-0.419383,-0.025662,-0.00175357,-0.00876123,0.144454
594,6296.82,-0.273265,-0.419096,-0.0252445,-0.00232399,-0.00842105,0.145383
595,6296.92,-0.27432,-0.419389,-0.0250193,-0.000581801,-0.00787273,0.143859
596,6297.02,-0.27265,-0.419892,-0.02524,-3.44326e-05,-0.00786046,0.143944
597,6297.12,-0.271934,-0.41899,-0.0255474,-0.00095417,-0.00797537,0.144212
598,6297.22,-0.26742,-0.41984,-0.0256746,-0.00184857,-0.00805011,0.144425
599,6297.33,-0.267821,-0.420093,-0.0255156,-0.000894923,-0.00785869,0.14372
600,6297.43,-0.265739,-0.420944,-0.0253769,-0.000752164,-0.00772986,0.143973
601,6297.53,-0.265601,-0.420504,-0.0253202,-0.00154245,-0.00785662,0.144256
602,6297.63,-0.266661,-0.421388,-0.0255917,-0.00115647,-0.0082834,0.144439
603,6297.73,-0.26521,-0.421375,-0.0251832,-0.00105279,-0.00778049,0.144
604,6297.83,-0.264994,-0.421746,-0.0249865,-0.000793786,-0.00779412,0.144145
605,6297.93,-0.256843,-0.425788,-0.0238882,-1.30045e-05,-0.0147244,0.144797
606,6298.03,-0.247225,-0.430554,-0.0179914,-0.00656968,-0.0211237,0.145662
607,6298.13,-0.22364,-0.433367,-0.0196053,-0.00783154,-0.0213769,0.143249
608,6298.23,-0.203834,-0.436035,-0.0197194,0.00528613,-0.0249227,0.15275
609,6298.33,-0.172291,-0.435648,-0.0203188,0.00702618,-0.0230729,0.152694
610,6298.43,-0.118479,-0.432665,-0.0239153,0.0129049,-0.00664195,0.140717
611,6298.54,-0.0809548,-0.437304,-0.0256586,0.0152903,-0.00919897,0.147794
612,6298.64,-0.0443449,-0.435367,-0.0234063,0.0251434,-0.00857599,0.150255
613,6298.74,-0.0104002,-0.432439,-0.0254558,0.022138,0.00562078,0.136907
614,6298.84,0.00302535,-0.435,-0.023932,0.0171628,0.0015774,0.140269
615,6298.94,0.0259423,-0.433732,-0.0229726,0.00379243,-0.00387991,0.14923
616,6299.04,0.0347361,-0.424186,-0.0214555,-0.0120661,-0.00794695,0.142156
617,6299.14,0.0364739,-0.420081,-0.0222504,-0.0173948,-0.0131063,0.151671
618,6299.24,0.0465636,-0.416974,-0.0214696,-0.0148159,-0.00791267,0.163588
619,6299.34,0.047799,-0.410869,-0.0198935,-0.0221727,-0.0147404,0.161002
620,6299.44,0.0495924,-0.413566,-0.0200518,-0.0222751,-0.011846,0.161339
621,6299.54,0.051754,-0.414592,-0.025089,-0.0148152,-0.0111827,0.170112
622,6299.64,0.0499919,-0.414103,-0.025312,-0.0189947,-0.0111268,0.166744
623,6299.75,0.050203,-0.41345,-0.0254367,-0.0204351,-0.0115318,0.167602
624,6299.85,0.0506626,-0.414483,-0.025474,-0.0193147,-0.0114565,0.16712
625,6299.95,0.0495942,-0.415167,-0.0254416,-0.0182408,-0.0112486,0.166568
626,6300.05,0.0487413,-0.416328,-0.0249136,-0.0182195,-0.0116225,0.166946
627,6300.15,0.0501644,-0.419743,-0.0221655,-0.00943126,-0.016548,0.169893
628,6300.25,0.0694527,-0.420487,-0.0239599,-0.0129195,-0.0292766,0.165384
629,6300.35,0.0937448,-0.42354,-0.0241424,-0.00123355,-0.0346152,0.170799
630,6300.45,0.13869,-0.422013,-0.0241647,0.00861428,-0.0337863,0.173115
631,6300.55,0.200322,-0.417473,-0.0254746,0.00766487,-0.0243088,0.15732
632,6300.65,0.261271,-0.414567,-0.0267491,0.0215511,-0.0336826,0.163607
633,6300.75,0.353822,-0.401588,-0.0301652,0.0118791,-0.0189946,0.165399
634,6300.86,0.439817,-0.388865,-0.031875,0.0190432,-0.0135037,0.157689
635,6300.96,0.526952,-0.386972,-0.0325381,0.0548663,0.0173784,0.159032
636,6301.06,0.627101,-0.374876,-0.0331023,0.0166127,0.0111574,0.16762
637,6301.16,0.679068,-0.362214,-0.0309955,0.0249422,0.0140601,0.169532
638,6301.26,0.725956,-0.351849,-0.0302311,0.0239683,0.0250918,0.164162
639,6301.36,0.763593,-0.34984,-0.0279856,0.0135025,0.010766,0.169197
640,6301.46,0.788181,-0.341041,-0.0254268,0.00878055,0.00740495,0.169123
641,6301.56,0.814864,-0.335392,-0.0297717,0.00392622,0.0141803,0.161717
642,6301.66,0.836168,-0.334756,-0.0258898,0.00563756,-0.00390038,0.170414
643,6301.76,0.865369,-0.331756,-0.0253822,0.0154381,-0.0142717,0.16776
644,6301.86,0.918708,-0.329968,-0.0316148,0.0187273,-0.0010772,0.162772
645,6301.96,0.979365,-0.327422,-0.0370877,0.0286538,-0.0180622,0.169096
646,6302.07,1.05731,-0.31036,-0.0336362,0.0277333,-0.0189011,0.166161
647,6302.17,1.15111,-0.302044,-0.0387446,0.0342003,0.012345,0.154621
648,6302.27,1.22989,-0.295335,-0.0389035,0.0381597,0.0060386,0.160917
649,6302.37,1.31692,-0.280874,-0.0410211,0.0131898,0.0223571,0.167664
650,6302.47,1.37742,-0.260342,-0.0386389,0.0242204,0.0256503,0.165488
651,6302.57,1.42511,-0.253702,-0.0352697,0.0267433,0.0216422,0.165946
652,6302.67,1.46723,-0.248305,-0.0316002,0.00442803,0.0163737,0.169821
653,6302.77,1.49516,-0.240001,-0.0288453,0.00512147,0.0111499,0.171457
654,6302.87,1.52302,-0.237582,-0.0312512,0.00970461,0.0162443,0.168462
655,6302.97,1.54786,-0.24209,-0.0279725,0.0133561,0.0013078,0.176795
656,6303.07,1.5612,-0.241642,-0.0262482,0.0144509,-0.000589161,0.16564
657,6303.18,1.57757,-0.238331,-0.0292728,0.0186842,0.0109179,0.16442
658,6303.28,1.58686,-0.246009,-0.0251981,0.0203871,-0.00402704,0.168803
659,6303.38,1.59393,-0.239174,-0.0265087,0.0179601,-0.0015182,0.166403
660,6303.48,1.59942,-0.235251,-0.0259473,0.0134289,-0.00108904,0.162426
661,6303.58,1.59865,-0.235169,-0.0296133,0.00113006,-0.00923777,0.170376
662,6303.68,1.59714,-0.234241,-0.0306156,-0.00153224,-0.0078209,0.171741
663,6303.78,1.59445,-0.234668,-0.0304454,-0.00191382,-0.00856097,0.169521
664,6303.88,1.59344,-0.235574,-0.030369,-0.00104343,-0.00926984,0.16916
665,6303.98,1.59442,-0.23518,-0.0304092,-0.00101011,-0.00877413,0.169166
666,6304.08,1.5942,-0.234894,-0.0303949,-0.00192253,-0.00847529,0.169291
667,6304.18,1.59367,-0.234991,-0.0303413,-0.00198043,-0.00868003,0.169398
668,6304.28,1.59348,-0.235339,-0.0303028,-0.00139588,-0.00861674,0.168965
669,6304.39,1.59311,-0.235281,-0.0302582,-0.00134361,-0.00853518,0.168997
670,6304.49,1.5924,-0.234965,-0.0301608,-0.00208377,-0.00858722,0.169306
671,6304.59,1.59256,-0.234976,-0.0300951,-0.00227853,-0.00848658,0.169264
672,6304.69,1.59265,-0.235117,-0.0301237,-0.00171142,-0.00835556,0.169047
673,6304.79,1.59273,-0.235016,-0.0301255,-0.00172206,-0.00847344,0.169117
674,6304.89,1.59237,-0.234935,-0.03009,-0.00203597,-0.00842946,0.16921
675,6304.99,1.59209,-0.235155,-0.0300636,-0.00203372,-0.00839835,0.169139
676,6305.09,1.59238,-0.23532,-0.0301122,-0.00171749,-0.00830812,0.168956
677,6305.19,1.59256,-0.235151,-0.0300991,-0.00178901,-0.00841921,0.168982
678,6305.29,1.5933,-0.23479,-0.0300897,-0.00201467,-0.00845822,0.169303
679,6305.39,1.59295,-0.234917,-0.0300657,-0.00204789,-0.00836563,0.169117
680,6305.49,1.59277,-0.234996,-0.0300935,-0.00178354,-0.00850144,0.169086
681,6305.6,1.59297,-0.234764,-0.0301247,-0.00207187,-0.00831653,0.169145
682,6305.7,1.59293,-0.234689,-0.0301254,-0.00206133,-0.00831547,0.16917
683,6305.8,1.59334,-0.234793,-0.0300832,-0.00190106,-0.00837031,0.168999
684,6305.9,1.59309,-0.234985,-0.0301948,-0.00200248,-0.00821326,0.168951
685,6306,1.59299,-0.234936,-0.0301262,-0.00202353,-0.00826085,0.169082
686,6306.1,1.59316,-0.234855,-0.0301698,-0.00211906,-0.00818401,0.169073
687,6306.2,1.59295,-0.234917,-0.0301892,-0.00215592,-0.00823684,0.168949
688,6306.3,1.59332,-0.234787,-0.0302343,-0.00209069,-0.00823122,0.169038
689,6306.4,1.59321,-0.234881,-0.0302287,-0.00220716,-0.00821707,0.169104
690,6306.5,1.59326,-0.234986,-0.0302226,-0.00224686,-0.00817483,0.169013
691,6306.6,1.59333,-0.235098,-0.030193,-0.00222626,-0.00803822,0.169014
692,6306.71,1.59362,-0.234953,-0.0301758,-0.00226512,-0.00803654,0.169087
693,6306.81,1.59389,-0.234968,-0.0301965,-0.00221845,-0.00806194,0.169064
694,6306.91,1.59403,-0.235113,-0.0305151,-0.002407,-0.00763323,0.16883
695,6307.01,1.59397,-0.235102,-0.0305326,-0.00234839,-0.00771759,0.168765
696,6307.11,1.59437,-0.234795,-0.0305763,-0.00243595,-0.00767994,0.168663
697,6307.21,1.59436,-0.234781,-0.0305856,-0.00258458,-0.00767996,0.168675
698,6307.31,1.5941,-0.234564,-0.0302262,-0.00225428,-0.00791743,0.168808
699,6307.41,1.59401,-0.234845,-0.0309097,-0.00236338,-0.00746007,0.168492
700,6307.51,1.59399,-0.234803,-0.0309321,-0.00250673,-0.00736832,0.168521
701,6307.61,1.59448,-0.234636,-0.0309335,-0.00250028,-0.00737802,0.168514
702,6307.71,1.59478,-0.234367,-0.0306367,-0.00254794,-0.00750306,0.168502
703,6307.81,1.59479,-0.23424,-0.0301348,-0.00243308,-0.00784936,0.168858
704,6307.92,1.595,-0.234298,-0.0304922,-0.00262128,-0.0074092,0.16853
705,6308.02,1.59498,-0.234366,-0.0304832,-0.00266625,-0.0074553,0.168545
706,6308.12,1.59537,-0.234268,-0.0305,-0.00263048,-0.00743963,0.168634
707,6308.22,1.59528,-0.234213,-0.0301474,-0.00243065,-0.00735148,0.168548
708,6308.32,1.5955,-0.233958,-0.0300021,-0.00227421,-0.00764265,0.168703
709,6308.42,1.59579,-0.234115,-0.030187,-0.00256207,-0.00737954,0.168491
710,6308.52,1.59593,-0.234069,-0.0301446,-0.00265902,-0.00724805,0.168484
711,6308.62,1.59604,-0.23404,-0.0301791,-0.00271492,-0.00736844,0.168475
712,6308.72,1.596,-0.233783,-0.030016,-0.00259056,-0.00767885,0.168685
713,6308.82,1.59605,-0.233726,-0.0300354,-0.00249405,-0.00773401,0.168744
714,6308.92,1.59639,-0.233677,-0.0300615,-0.00247493,-0.00764558,0.168655
715,6309.02,1.59678,-0.23368,-0.0300875,-0.00260016,-0.00774886,0.168862
716,6309.13,1.59745,-0.233602,-0.0301356,-0.00251301,-0.00761463,0.169418
717,6309.23,1.59842,-0.233429,-0.0302049,-0.00248696,-0.00755761,0.168986
718,6309.33,1.5993,-0.233276,-0.0303045,-0.00259514,-0.00761544,0.169368
719,6309.43,1.59935,-0.233236,-0.0305588,-0.00270325,-0.00740882,0.16933
720,6309.53,1.59956,-0.233227,-0.0306161,-0.0027185,-0.00750192,0.169007
721,6309.63,1.60002,-0.233189,-0.0306367,-0.00260416,-0.00740156,0.169707
722,6309.73,1.60094,-0.233037,-0.0304732,-0.00251086,-0.00738931,0.169598
723,6309.83,1.60154,-0.233003,-0.0305408,-0.00279282,-0.00749984,0.169792
724,6309.93,1.60205,-0.233053,-0.0305619,-0.00263864,-0.00736339,0.170198
725,6310.03,1.60237,-0.232998,-0.0305168,-0.00267936,-0.00739822,0.170512
726,6310.13,1.60284,-0.232879,-0.0304963,-0.00262394,-0.0075196,0.170643
727,6310.24,1.60333,-0.232798,-0.0304813,-0.00259417,-0.00736465,0.170619
728,6310.34,1.60378,-0.232867,-0.0304724,-0.00265404,-0.00747569,0.170769
729,6310.44,1.60439,-0.232824,-0.030459,-0.00263121,-0.0074696,0.170695
730,6310.54,1.6048,-0.232948,-0.0305166,-0.00273146,-0.00730995,0.170537
731,6310.64,1.60508,-0.232939,-0.0305193,-0.00276627,-0.00735246,0.170664
732,6310.74,1.60562,-0.232861,-0.030532,-0.00282817,-0.00751811,0.17059
733,6310.84,1.60607,-0.232687,-0.0305683,-0.00282627,-0.00736337,0.170646
734,6310.94,1.60641,-0.232696,-0.0305396,-0.00284937,-0.00733164,0.170658
