time,total_torque,footforce,d_footforce_dt,environment
6237.01,0.11655822664089219,736.1256686191564,0.1887698618912738,Indoor
6237.11,0.00302769667644444,736.1256686191564,3.5869760663732646,Indoor
6237.21,0.0010512898256741406,737.154664910967,4.091601725065457,Indoor
6237.31,0.0002906835293995698,737.1560214771362,1.1327592765888723,Indoor
6237.41,0.0003271210732276749,737.1560214771362,-2.575088789065621,Indoor
6237.52,0.0002970895509940344,737.1560214771362,-8.82057071444971,Indoor
6237.62,0.0004346671545762794,734.5760682189422,-3.610529394230028,Indoor
6237.72,0.0003419432900486149,736.6315225402725,0.41456544113217253,Indoor
6237.82,0.001042999651406118,735.097952656651,-1.975708059283478,Indoor
6237.92,0.0022900598634072174,735.6833557992188,0.523248073632323,Indoor
6238.02,0.004501807735243041,735.6031538812215,2.074399173196294,Indoor
6238.12,0.019771777563859623,735.6595829771487,3.278506553405994,Indoor
6238.22,0.023161340294976494,737.0746230877847,-5.014167152493203,Indoor
6238.32,0.03084526294462324,734.1328217700119,-4.849116720934826,Indoor
6238.42,0.029291583753596334,735.6031538812215,2.859978056917149,Indoor
6238.52,0.04250162338326659,735.6031538812215,-0.2470311677125815,Indoor
6238.62,0.07891258387453431,735.0789073290023,0.80484731964885,Indoor
6238.73,0.08474557692438418,735.6031538812215,6.021346157225652,Indoor
6238.83,0.019985830768889507,736.6315225402725,4.95283155368436,Indoor
6238.93,0.037054762640511246,736.6315225402725,-0.6056694783331765,Indoor
6239.03,0.04760446351745501,736.6315225402725,-5.627468255894862,Indoor
6239.13,0.013775174412970298,735.0789073290023,-2.643324831066911,Indoor
6239.23,0.006474274272002317,736.1093668742437,0.7981292525822494,Indoor
6239.33,0.014277862828591722,735.6031538812215,-1.135773643528628,Indoor
6239.43,0.008237926238584568,735.6031538812215,0.4700164937363321,Indoor
6239.53,0.005995762067249434,735.6031538812215,3.3311822686052213,Indoor
6239.63,0.012255201106421327,736.6315225402725,1.002231173100623,Indoor
6239.73,0.017590572306089257,735.6031538812215,-0.1282862605319065,Indoor
6239.84,0.02271845410807607,736.6315225402725,0.5493329555743971,Indoor
6239.94,0.025146903579244775,735.6031538812215,1.3487672082580324,Indoor
6240.04,0.04004515160553728,737.1560214771362,-1.8177075958047988,Indoor
6240.14,0.022203038754767,735.1605266878793,-4.741935487346019,Indoor
6240.24,0.03463194960193736,736.1256686191564,-4.890165937587189,Indoor
6240.34,0.06076323122191179,734.1478317987854,-0.6008569582797996,Indoor
6240.44,0.03930127237764108,735.6031538812215,5.477332851784852,Indoor
6240.54,0.030242672688606753,736.1256686191564,0.44157046022772345,Indoor
6240.64,0.059815300295015,735.1605266878793,0.9173948556662145,Indoor
6240.74,0.024354022548891074,736.1093668742437,3.331933523476716,Indoor
6240.84,0.0133289950550826,736.6315225402725,-3.7642337232771323,Indoor
6240.94,0.02078110193808546,734.6550210813236,-2.69108463441094,Indoor
6241.05,0.01657723438466075,736.1093668742437,0.6481290484913137,Indoor
6241.15,0.022030731575822193,735.1605266878793,-0.10405644896330804,Indoor
6241.25,0.00946866774905984,735.6031538812215,2.075370817958027,Indoor
6241.35,0.006354308282153574,736.1093668742437,-0.4280464269247506,Indoor
6241.45,0.009917420030380068,735.1605266878793,-0.3771154962700072,Indoor
6241.55,0.01861210202023911,736.1256686191564,-0.9359520081023984,Indoor
6241.65,0.013375339612250207,735.1605266878793,-2.644842646437275,Indoor
6241.75,0.012035008740147032,735.1605266878793,0.5656385971815742,Indoor
6241.85,0.0401647294968648,735.6031538812215,-0.3869805924532613,Indoor
6241.95,0.038581442571703525,735.1605266878793,-3.6643084995977357,Indoor
6242.05,0.010132350077651958,734.6386867025177,-2.0759483150570777,Indoor
6242.15,0.05031470888055377,734.6386867025177,0.7652974196021948,Indoor
6242.26,0.07166614327292053,735.1605266878793,-0.4025587295687962,Indoor
6242.36,0.035254580701454784,734.196840091266,1.6478722336915728,Indoor
6242.46,0.03927814636269756,735.667044253037,2.2365303019270417,Indoor
6242.56,0.06382430192799904,734.7189939017502,1.3504748582562844,Indoor
6242.66,0.03521437673501378,735.751316682478,1.3835423814783019,Indoor
6242.76,0.01762854606827417,735.2978988138073,-1.1839143734230555,Indoor
6242.86,0.020764035879861694,735.2298960189255,-0.7513148083230149,Indoor
6242.96,0.022673694380246637,735.2258156512188,-0.4440303520292482,Indoor
6243.06,0.0188113114148943,735.2258156512188,-1.8952574495493177,Indoor
6243.16,0.02538032342717082,734.7897658514305,-0.8833595279644332,Indoor
6243.26,0.021639054741833936,734.7897658514305,2.565759165340227,Indoor
6243.37,0.011319286425913504,735.751316682478,1.1348680017956239,Indoor
6243.47,0.017661301262864453,734.7230770841487,3.0354313319840576,Indoor
6243.57,0.03983231185490092,736.2587860256746,5.007173524499344,Indoor
6243.67,0.015686699929310537,736.2587860256746,-1.1403556355453945,Indoor
6243.77,0.01751288006558055,735.751316682478,-4.369784138576617,Indoor
6243.87,0.009071653574408263,735.2258156512188,-2.390876870095799,Indoor
6243.97,0.017126502630591765,735.3114986181026,-0.3353671046787226,Indoor
6244.07,0.028394861791033656,735.2258156512188,0.17304201160637409,Indoor
6244.17,0.04107407927198143,735.3114986181026,-0.28387113383827606,Indoor
6244.27,0.07567293524397321,735.3114986181026,-1.2736287019012607,Indoor
6244.37,0.05716053274248248,734.7897658514305,2.4046884446531287,Indoor
6244.47,0.08634327705686365,735.751316682478,4.22029188184107,Indoor
6244.58,0.05364450648599151,736.2560695844891,-1.7511167669386374,Indoor
6244.68,0.07295010204222094,734.7897658514305,-0.04101033528257899,Indoor
6244.78,0.05250259715769405,736.2587860256746,2.2243739599263406,Indoor
6244.88,0.0479951979833843,735.751316682478,-2.0762021236999364,Indoor
6244.98,0.08317356049327682,735.3114986181026,-0.9114961311369412,Indoor
6245.08,0.03500074033174099,735.751316682478,-0.8631937902904266,Indoor
6245.18,0.02687293761960874,735.3295900532618,-2.6572104733569324,Indoor
6245.28,0.04212114889691035,734.7897658514305,1.6814627975867231,Indoor
6245.38,0.06972929352296262,735.8192712888132,3.529645502682651,Indoor
6245.48,0.05673868048441295,735.8192712888132,-1.284248664996628,Indoor
6245.58,0.03664262834939473,735.3862930460426,-4.784255923081521,Indoor
6245.68,0.013525308850502436,734.8591701816069,-2.3546656179834278,Indoor
6245.79,0.026269605094935818,734.3507336416299,6.598764285757336,Indoor
6245.89,0.03291719144310488,736.8541239621313,3.8839769751308104,Indoor
6245.99,0.054169377182734096,735.3862930460426,-3.4725557089255585,Indoor
6246.09,0.08434225294599001,735.3808537077913,0.24223116908509443,Indoor
6246.19,0.05588358973970979,735.8192712888132,1.2087082251037566,Indoor
6246.29,0.07540757783805066,735.751316682478,-1.2952829812401099,Indoor
6246.39,0.07571550319370175,735.3114986181026,0.7224446858042535,Indoor
6246.49,0.03368517651939237,735.8382974539991,4.0187464845945495,Indoor
6246.59,0.0360482680268889,736.3457068524267,1.746214062803732,Indoor
6246.69,0.022333045406436134,736.3457068524267,-2.994070814652717,Indoor
6246.79,0.030206878260983522,735.3862930460426,-3.319339001054297,Indoor
6246.9,0.009244814057134882,735.9076028959071,-4.733021783585284,Indoor
6247.0,0.010338082445111136,734.3507336416299,-3.8352683688822506,Indoor
6247.1,0.004763484860458688,734.8591701816069,0.6043373120503108,Indoor
6247.2,0.011006227844107253,734.8591701816069,1.5693617616121647,Indoor
6247.3,0.004014137256484816,734.8591701816069,3.8037626577527233,Indoor
6247.4,0.03300420104003647,735.9076028959071,3.1563601674840065,Indoor
6247.5,0.010679281679255664,735.3862930460426,1.8682902318839703,Indoor
6247.6,0.015746135152303935,736.3457068524267,-1.3765236153491407,Indoor
6247.7,0.03360486163425257,735.2978988138073,-4.95633504827501,Indoor
6247.8,0.03216622200240493,734.8591701816069,-0.31462793595835176,Indoor
6247.9,0.025666257853595525,735.3180184344261,3.1039304869368607,Indoor
6248.0,0.026730639642067334,735.9076028959071,-0.9282243576255654,Indoor
6248.11,0.04811706103542138,734.8591701816069,-2.1243989602993616,Indoor
6248.21,0.012408260839085021,735.3862930460426,-1.535209978178199,Indoor
6248.31,0.03614381562779976,734.8591701816069,-2.758213734227745,Indoor
6248.41,0.05080949259532787,734.3507336416299,0.6611385368810756,Indoor
6248.51,0.006054166779718097,735.3808537077913,0.5652567472819627,Indoor
6248.61,0.04637935883059143,734.3507336416299,0.5194195396978529,Indoor
6248.71,0.042379845447227095,735.3862930460426,1.068589191853083,Indoor
6248.81,0.006814202241859107,734.8591701816069,-0.679345384320854,Indoor
6248.91,0.036452451817869436,734.8591701816069,1.1315273694667294,Indoor
6249.01,0.027449401929671807,735.3862930460426,0.5710346197840935,Indoor
6249.11,0.027896877127661552,734.8591701816069,-0.01651180581674912,Indoor
6249.21,0.03455264524727855,735.3862930460426,-1.2426418184268162,Indoor
6249.32,0.02295607943368845,734.791928172105,-3.349496837809956,Indoor
6249.42,0.02758129010691902,734.3507336416299,-0.2054561479750418,Indoor
6249.52,0.011631123622822677,734.8591701816069,0.8937436408263009,Indoor
6249.62,0.0229512609239555,734.8591701816069,-3.1078346016477854,Indoor
6249.72,0.01041734515781366,733.9128013599436,-1.6482468149510197,Indoor
6249.82,0.010289683638283855,734.3507336416299,2.7111405374308726,Indoor
6249.92,0.013547907065557053,734.8782212040305,0.4362582248287742,Indoor
6250.02,0.02539101845284965,734.3507336416299,-1.2462204641002201,Indoor
6250.12,0.025973278657347935,734.3507336416299,1.2094101899583278,Indoor
6250.22,0.03126446630321417,734.8782212040305,0.044501923652260404,Indoor
6250.32,0.03718389162211377,734.3507336416299,-1.740845472111803,Indoor
6250.43,0.028030885086585636,734.3507336416299,-0.4953344689043081,Indoor
6250.53,0.05258959797217055,734.3507336416299,0.7870204038745913,Indoor
6250.63,0.0515015082851496,734.4215410784191,1.6828224180390898,Indoor
6250.73,0.03919903209058774,734.8727781051629,0.3250780117927625,Indoor
6250.83,0.05698375897049325,734.3507336416299,-0.483927957636646,Indoor
6250.93,0.056471941192302644,734.8782212040305,-1.9552932893254575,Indoor
6251.03,0.029097695915834176,733.9128013599436,-1.7344689744543604,Indoor
6251.13,0.03653199093192824,734.3507336416299,1.4573556081691843,Indoor
6251.23,0.01760872411092334,734.3507336416299,2.2992905618887316,Indoor
6251.33,0.027108829911226907,734.8782212040305,-0.909558740149423,Indoor
6251.43,0.01798582672347417,734.3507336416299,-5.26306238386853,Indoor
6251.54,0.02294109763508023,733.4050722486176,-3.0927128615447708,Indoor
6251.64,0.01662887697062923,733.8433075255234,-0.3887808648876858,Indoor
6251.74,0.01822222897612753,733.3914370920893,0.7782415717755287,Indoor
6251.84,0.03517348619702511,733.9128013599436,1.7396084499679467,Indoor
6251.94,0.025185527416996385,733.9128013599436,0.45968631198053467,Indoor
6252.04,0.019076566396179398,733.9128013599436,0.3375222283569939,Indoor
6252.14,0.043542001973976945,733.9128013599436,1.7842244746633178,Indoor
6252.24,0.04776166367656854,734.3507336416299,2.4119310737393707,Indoor
6252.34,0.026183059518410542,734.3507336416299,1.7429316117871754,Indoor
6252.44,0.02768154314747551,734.8782212040305,-3.1783624823520533,Indoor
6252.54,0.0366206367437207,733.8296805117657,-7.000134112071885,Indoor
6252.64,0.02559549976798313,732.8642439087884,-0.7276606859043028,Indoor
6252.74,0.005859644011954553,733.9128013599436,2.6536543759132423,Indoor
6252.85,0.02004314062198686,733.7752890931706,-0.5754788975770695,Indoor
6252.95,0.011550866928752231,733.3914370920893,0.053669375658713846,Indoor
6253.05,0.027121289070298073,733.9645819317317,-0.29021228611239847,Indoor
6253.15,0.009338428740062457,733.3914370920893,-1.0210443903208455,Indoor
6253.25,0.004758053573872184,733.4884559070795,1.2449299226746942,Indoor
6253.35,0.00611247467907858,733.9128013599436,0.003393928078413803,Indoor
6253.45,0.016674249691623177,733.489978117302,-1.3342397039864087,Indoor
6253.55,0.025497009166128584,733.3914370920893,1.3867380781965022,Indoor
6253.65,0.012546296788958976,733.9128013599436,1.555972934146798,Indoor
6253.75,0.023749121307487676,733.9128013599436,-0.7964708827134448,Indoor
6253.85,0.02866776837672492,733.3914370920893,2.6514296472401484,Indoor
6253.96,0.02066254290920337,734.440603452723,4.612805965933812,Indoor
6254.06,0.011914104070071175,734.8782212040305,-1.4779566517724634,Indoor
6254.16,0.026825174198136553,733.6903343967871,-1.4840683108789716,Indoor
6254.26,0.025723710130166905,734.440603452723,1.5607085127100064,Indoor
6254.36,0.0037702798179241217,734.440603452723,-1.3759792539061948,Indoor
6254.46,0.03363041260268994,733.9129479356394,-2.7278049080202247,Indoor
6254.56,0.027287280401955678,733.9128013599436,-2.674566021663378,Indoor
6254.66,0.024734292014013136,733.3914370920893,-2.260597649589384,Indoor
6254.76,0.031635458362397714,733.3914370920893,1.0791118721810318,Indoor
6254.86,0.011105263067993715,733.3914370920893,5.165818979847789,Indoor
6254.96,0.01764539604366663,734.9489778209097,-0.04975551890540545,Indoor
6255.06,0.013549747345826217,733.3914370920893,-4.4895958213542055,Indoor
6255.17,0.028779239662745454,733.3914370920893,0.5297681562227842,Indoor
6255.27,0.008125888374450326,734.0410295829729,0.7101718236123957,Indoor
6255.37,0.022858900459370033,733.3914370920893,1.1268014975683136,Indoor
6255.47,0.01346155224543973,734.0671037086931,2.715343507206265,Indoor
6255.57,0.004994754303112149,734.440603452723,-1.205131829238894,Indoor
6255.67,0.014928417310551655,733.3914370920893,-0.3018726498364068,Indoor
6255.77,0.009393329504200814,734.4215410784191,1.6326095981934434,Indoor
6255.87,0.001602002276468961,733.9005382202687,-0.2172967159439677,Indoor
6255.97,0.0022352645907586055,734.3507336416299,-1.7490665719948943,Indoor
6256.07,0.004148024747766977,733.3914370920893,-0.5397899135262946,Indoor
6256.17,0.004352056514303075,734.3507336416299,0.5341221227550927,Indoor
6256.28,0.024718485675767284,733.3914370920893,1.5835114500835956,Indoor
6256.38,0.023613383059284787,734.8591701816069,0.9643732706221569,Indoor
6256.48,0.02950430680115887,733.3914370920893,2.17293016649444,Indoor
6256.58,0.0243925019872613,735.3808537077913,1.7663632603069535,Indoor
6256.68,0.01829231736431743,733.9128013599436,-0.8680327442203948,Indoor
6256.78,0.034748892054606184,734.9489778209097,-1.6205264940907709,Indoor
6256.88,0.04737409954347755,733.880251752533,-2.816872321832253,Indoor
6256.98,0.04669029936986405,733.9128013599436,-0.015688525823225993,Indoor
6257.08,0.037621922132684484,734.3507336416299,-1.0976288917869266,Indoor
6257.18,0.010267679543590133,733.3914370920893,0.20447247877638655,Indoor
6257.28,0.07071821872512554,734.4215410784191,1.8230372614061046,Indoor
6257.38,0.05580857715243221,733.9128013599436,-0.0060842372948802115,Indoor
6257.49,0.017571370483406273,734.4215410784191,-1.7543933022390565,Indoor
6257.59,0.013769142603624607,733.3914370920893,0.03765252902420973,Indoor
6257.69,0.033377074620456616,734.4215410784191,1.2248331314571266,Indoor
6257.79,0.05425041065920764,733.9128013599436,-1.0703699857211546,Indoor
6257.89,0.02715266396412238,733.9128013599436,-1.04893437922792,Indoor
6257.99,0.0302721737236087,733.9128013599436,-1.6322344056059326,Indoor
6258.09,0.04268815297566942,733.3914370920893,-0.5023058942634365,Indoor
6258.19,0.025891848281587453,733.9128013599436,0.048059322049438156,Indoor
6258.29,0.015382133302549268,733.3914370920893,0.024095225221741276,Indoor
6258.39,0.020265456154753857,733.9128013599436,-0.32140669932210814,Indoor
6258.49,0.02262955676722672,733.3914370920893,-0.41994067306226013,Indoor
6258.59,0.010549574025523457,733.6323847597613,1.638363885566932,Indoor
6258.7,0.01898598130865946,733.9128013599436,2.028457464761222,Indoor
6258.8,0.009381211128158729,733.9128013599436,0.9215203599810885,Indoor
6258.9,0.019050831796090652,734.4215410784191,-3.9472495581451823,Indoor
6259.0,0.009336185162677126,732.8642439087884,-3.904412719039914,Indoor
6259.1,0.030020375714262554,733.3914370920893,1.1152009488498082,Indoor
6259.2,0.036162555380964384,733.3914370920893,3.0753688616638915,Indoor
6259.3,0.018152728167870506,733.8325377201122,3.303667760519991,Indoor
6259.4,0.04224091518428969,734.4215410784191,-0.9993339414449446,Indoor
6259.51,0.01910333710283465,733.3914370920893,-1.6825056265906553,Indoor
6259.6,0.02441903298216505,733.9128013599436,1.752651615933046,Indoor
6259.7,0.02092288735424055,733.9128013599436,1.7612144976096324,Indoor
6259.81,0.030299758298582436,734.4215410784191,-2.2671709226322725,Indoor
6259.91,0.025057264939011552,733.3914370920893,-3.3609905094590196,Indoor
6260.01,0.01672793036637432,733.3859829584965,0.7433729838951088,Indoor
6260.11,0.03959277008719503,733.9128013599436,0.06771374442922416,Indoor
6260.21,0.018003396058330203,733.3914370920893,-1.1950233751215962,Indoor
6260.31,0.02113028622937485,733.3914370920893,1.1114215095742266,Indoor
6260.41,0.026001588916149888,733.9128013599436,1.0488709660351994,Indoor
6260.51,0.018916867613395384,733.3914370920893,1.5907142269812946,Indoor
6260.61,0.010676694635470716,734.4215410784191,0.4959103325722483,Indoor
6260.71,0.014814607709368429,733.3914370920893,0.001053729030689981,Indoor
6260.81,0.016329583997069408,734.4215410784191,-0.507864321976862,Indoor
6260.91,0.010567158969699352,733.3914370920893,-1.6218648274418552,Indoor
6261.02,0.02144933168606992,733.9005382202687,-0.9810825716126722,Indoor
6261.12,0.026972302002007415,733.3914370920893,-1.856543555497002,Indoor
6261.22,0.01768081591324273,733.3914370920893,-1.412272980467761,Indoor
6261.32,0.014748384466680585,733.123152247627,0.6016400004119726,Indoor
6261.42,0.03995769626366064,733.3914370920893,2.2285035696698237,Indoor
6261.52,0.057477904262441315,733.9128013599436,-1.5861454519752336,Indoor
6261.62,0.02896982015001332,732.9542959830442,-4.3939116080368015,Indoor
6261.72,0.03146354886184899,732.87106642301,-3.482146954956328,Indoor
6261.82,0.04481396850428132,732.355787851779,-0.4708771754418762,Indoor
6261.92,0.1054480095443022,732.4267881501877,5.608706769234549,Indoor
6262.02,0.3011315833606719,733.9128013599436,4.201707072521436,Indoor
6262.12,0.6592275712808187,733.3914370920893,-1.2951414849160776,Indoor
6262.23,0.8768092952804213,733.3914370920893,-3.4024887728366173,Indoor
6262.33,1.9391634609874489,732.8642439087884,-2.8205319264599584,Indoor
6262.43,1.9908850056783514,732.355787851779,2.9695197177184447,Indoor
6262.53,0.8527772282075361,733.9005382202687,1.82349108940436,Indoor
6262.63,0.6803635397879271,732.8833467885595,-3.325311512912994,Indoor
6262.73,0.3064394675803724,732.8642439087884,-2.551072902673354,Indoor
6262.83,0.11003729713853902,732.4336147392472,0.013329433798662926,Indoor
6262.93,0.02436412250069673,732.8642439087884,1.9052263633772348,Indoor
6263.03,0.02813612471915707,732.8642439087884,2.7046426913365114,Indoor
6263.13,0.058983270061586705,733.3859829584965,1.2003109941707975,Indoor
6263.23,0.032619508209534576,733.3914370920893,-3.357202713610042,Indoor
6263.34,0.03238205103534786,732.355787851779,-2.681026334268363,Indoor
6263.44,0.05004962667556803,732.8642439087884,-0.13654111416332917,Indoor
6263.54,0.017892591642784228,732.4336147392472,0.8087897479477016,Indoor
6263.64,0.021450911147426505,732.9542959830442,1.9357466943785975,Indoor
6263.74,0.015573665033097366,732.8642439087884,1.4376890918415035,Indoor
6263.84,0.016032689119806473,733.3914370920893,-1.4813501858405587,Indoor
6263.94,0.021113174521653857,732.4336147392472,-2.107613159068246,Indoor
6264.04,0.03646541989761412,732.8642439087884,-2.2303833218830285,Indoor
6264.14,0.0493867808848145,732.355787851779,-4.26200179408172,Indoor
6264.24,0.019765087944970502,731.3966092346888,1.992138869113675,Indoor
6264.34,0.007512279677522426,732.9542959830442,4.913455238115296,Indoor
6264.44,0.04728071528715754,732.8642439087884,-1.4002183125100747,Indoor
6264.55,0.06121500342043891,732.355787851779,-4.15050675056614,Indoor
6264.65,0.022002332037580744,731.9248595313593,-2.182274057328539,Indoor
6264.75,0.060151080880830855,731.9248595313593,-0.1947739629229779,Indoor
6264.85,0.08866280307679843,731.9973886000779,-0.34209996110938384,Indoor
6264.95,0.0419408524379492,731.8346807852167,0.7278474200764594,Indoor
6265.05,0.0906209139429524,731.9248595313593,3.9039176077738302,Indoor
6265.15,0.08365757603864159,732.9542959830442,2.9050482607046106,Indoor
6265.25,0.007986367914290337,732.355787851779,1.8393407153212313,Indoor
6265.35,0.044426762872157674,733.3914370920893,0.08958071175784883,Indoor
6265.46,0.04111523485918381,732.4267881501877,-1.6670044696097648,Indoor
6265.55,0.003856656176490897,732.8642439087884,-0.568804614858675,Indoor
6265.66,0.01081507511954031,732.4267881501877,0.4306882650372121,Indoor
6265.76,0.01769757452146236,732.8642439087884,1.9699718141074758,Indoor
6265.86,0.029265528049713996,732.8642439087884,1.777503538925815,Indoor
6265.96,0.008250671145651716,733.3914370920893,-1.820378970398461,Indoor
6266.06,0.03762700659689303,732.4267881501877,-4.086617079967828,Indoor
6266.16,0.026757910970729867,732.4267881501877,-2.667871564419707,Indoor
6266.26,0.012293842686225614,731.9057316348875,0.614375851317048,Indoor
6266.36,0.032146153525413,732.4267881501877,3.4984200482896677,Indoor
6266.46,0.04258753331627593,732.9542959830442,-0.04532691727567994,Indoor
6266.56,0.02063977919727475,732.4267881501877,-2.9729949220876803,Indoor
6266.66,0.028284740538481873,731.9057316348875,1.208411036300023,Indoor
6266.76,0.045740314060588594,732.9542959830442,1.751424457880697,Indoor
6266.87,0.022771473705897247,732.4267881501877,-1.2597817838965693,Indoor
6266.97,0.023181768056956598,732.4267881501877,0.04869899189000727,Indoor
6267.07,0.026864363440248867,732.4336147392472,2.0264606915819754,Indoor
6267.17,0.01645190959119919,733.0279667243262,0.17857573561316534,Indoor
6267.27,0.018343403385432795,732.4336147392472,-2.634512094053776,Indoor
6267.37,0.007903059381127545,732.5182591580909,-3.803336949003216,Indoor
6267.47,0.020139529768289855,731.469069749364,0.29243456660494327,Indoor
6267.57,0.024932990297009655,732.4336147392472,4.853532150126606,Indoor
6267.68,0.0126208256523315,732.9542959830442,0.43253668758216535,Indoor
6267.77,0.010682091120975094,732.4336147392472,-3.5759405277968703,Indoor
6267.87,0.006744221553324643,731.9057316348875,0.005629799461139204,Indoor
6267.97,0.013889353057885747,732.4267881501877,2.941772327762493,Indoor
6268.08,0.03605120219202827,732.9542959830442,-0.7596443534101821,Indoor
6268.18,0.041027969237829975,731.9180281971472,0.20810148021113622,Indoor
6268.28,0.04020477326804902,732.8642439087884,2.3037093790812557,Indoor
6268.38,0.03523540734595509,732.9451336855021,-2.06613355065324,Indoor
6268.48,0.02256283131699485,731.9180281971472,-0.3940259284282358,Indoor
6268.58,0.031731026524882515,732.9479048885426,2.0991018897119313,Indoor
6268.68,0.06758720059710385,732.534541428865,0.10288590446928132,Indoor
6268.78,0.009479486679170278,732.9542959830442,-1.8089287945642505,Indoor
6268.88,0.056653978178419204,731.9972677544637,-0.06836401583689335,Indoor
6268.98,0.039585100385693954,732.9542959830442,1.5449341118204918,Indoor
6269.08,0.03740211836958719,732.4780069670094,0.9502755135322609,Indoor
6269.19,0.05065280858571384,732.9542959830442,1.5715101055477938,Indoor
6269.29,0.03137363141805165,732.9542959830442,-0.4427995334045694,Indoor
6269.39,0.06598465669903648,732.9542959830442,-3.5760201289594327,Indoor
6269.49,0.06942510854834273,731.9972677544637,-1.8211148644807154,Indoor
6269.59,0.012243279703963335,732.5182591580909,1.3657065818435454,Indoor
6269.69,0.07595328789321172,732.5182591580909,0.0010647745539084054,Indoor
6269.79,0.037226753794542454,732.5182591580909,-1.3727666289016867,Indoor
6269.89,0.024497504203731594,731.9972677544637,1.7936338907490494,Indoor
6269.99,0.03837236307700412,732.9433811693779,3.3246018030986226,Indoor
6270.09,0.026176688664226927,732.9433811693779,-0.15740885073261193,Indoor
6270.19,0.012126691964832986,732.7270817990112,-2.36734091624911,Indoor
6270.29,0.03153394349598989,732.5073378472055,-3.3020510995377808,Indoor
6270.4,0.014539038254608838,731.9972677544637,-1.8398517993529475,Indoor
6270.5,0.013582256820724215,731.9972677544637,1.621087314900364,Indoor
6270.6,0.0037336312157552195,732.5182591580909,2.3502501450395252,Indoor
6270.7,0.006178497030312581,732.4336147392472,2.3868880072842305,Indoor
6270.8,0.004911540765507909,732.9542959830442,1.0663310164166937,Indoor
6270.9,0.007860430331732258,732.9542959830442,-3.457519079943945,Indoor
6271.0,0.003716591062690103,731.9057316348875,-2.3023250078000412,Indoor
6271.1,0.004279719554147893,732.4267881501877,1.5886564181189333,Indoor
6271.2,0.0006622240218279461,732.4267881501877,2.9564297319856383,Indoor
6271.3,0.002705610710040165,732.8642439087884,3.047706617627751,Indoor
6271.4,0.0007295257836376338,733.3859829584965,-1.659520275834441,Indoor
6271.5,0.004997771536005027,732.355787851779,-3.6780415454972495,Indoor
6271.61,0.0033262512184593597,732.4267881501877,-1.5743867866197307,Indoor
6271.71,0.007685255049022435,732.2771771804607,-2.475968305223169,Indoor
6271.81,0.0018373802843174756,731.9180281971472,-3.322685111676586,Indoor
6271.91,0.004678013115892893,731.3966092346888,-0.8323396810233978,Indoor
6272.01,0.001405314557059141,731.9057316348875,0.7720778076591813,Indoor
6272.11,0.002404573201915431,731.469069749364,2.1704253046665523,Indoor
6272.21,0.00976718505445165,732.4267881501877,1.855657097436002,Indoor
6272.31,0.012099621569371348,731.9057316348875,0.8818264039312029,Indoor
6272.41,0.014845827958427017,732.4267881501877,1.5891532551403689,Indoor
6272.51,0.04351069808030178,732.4267881501877,1.1028455922882492,Indoor
6272.61,0.010703406084889818,732.4267881501877,1.0016700131694316,Indoor
6272.72,0.04475560910661157,732.9542959830442,-3.6128384249630483,Indoor
6272.82,0.024134514838219823,731.6391209041296,-5.117517805127369,Indoor
6272.92,0.01851828066239709,731.3966092346888,2.1277369409799984,Indoor
6273.02,0.032303559556197584,732.4267881501877,3.7635592135384868,Indoor
6273.12,0.006744778306816708,732.4336147392472,-1.2677097030484026,Indoor
6273.22,0.011490283909229768,731.9057316348875,-1.7784502089110545,Indoor
6273.32,0.002197181680604763,731.9057316348875,1.2661491320508977,Indoor
6273.42,0.0031493760005215704,732.4336147392472,0.22453085505922518,Indoor
6273.52,0.0015490502139032388,731.9200104845614,-1.8446146412342603,Indoor
6273.62,0.0020615704941554817,731.9904370960047,-2.429440500978565,Indoor
6273.72,0.0007280985248184645,731.469069749364,-1.6579653447642848,Indoor
6273.82,0.0018315306204627392,731.469069749364,0.8511573102406864,Indoor
6273.93,0.00045979373727030146,731.9057316348875,1.551563026946031,Indoor
6274.03,0.0015020739940607433,731.469069749364,2.924061205467869,Indoor
6274.13,0.0004040900417097359,732.9433811693779,-2.356070004615271,Indoor
6274.23,0.002044059794427194,730.9486986102377,-5.524496339402822,Indoor
6274.33,0.003376500038798946,731.2522044245119,0.2571339902570384,Indoor
6274.43,0.005555714432921998,731.469069749364,1.3217509895682353,Indoor
6274.53,0.009972222011341812,731.469069749364,0.6557298217270527,Indoor
6274.63,0.007291338362430408,731.469069749364,0.8592490871753965,Indoor
6274.73,0.04248422053332271,731.9057316348875,-1.149832137600679,Indoor
6274.83,0.011544706984488578,730.9486986102377,-0.16723289184511428,Indoor
6274.93,0.021821665526038713,731.9904370960047,-0.8134701928809255,Indoor
6275.04,0.018599064336708198,730.9596432088437,-3.8467462129919925,Indoor
6275.14,0.04843676657528819,730.9486986102377,-2.779838539598976,Indoor
6275.24,0.03756897846234868,730.4389091498343,0.553233375714175,Indoor
6275.34,0.012563872883084295,730.9486986102377,3.953117079584863,Indoor
6275.44,0.046456476263700405,731.469069749364,1.6761955040889513,Indoor
6275.54,0.07878873796603539,731.469069749364,-2.9845751199779063,Indoor
6275.64,0.11890322620551122,730.4389091498343,-0.9798329969227567,Indoor
6275.74,0.07738583929264359,731.3856711749281,0.5927471780942608,Indoor
6275.84,0.061523990616816626,730.7598149516812,-0.8457517046067274,Indoor
6275.94,0.02256380670328562,730.9486986102377,-0.38923393961217434,Indoor
6276.04,0.06187588621337442,730.9486986102377,-0.8988888405871674,Indoor
6276.14,0.050807738047604294,730.4389091498343,1.2231654658396622,Indoor
6276.25,0.017135502734464528,731.469069749364,-0.18014472886471397,Indoor
6276.35,0.04169792709456391,730.4389091498343,-2.420804097204491,Indoor
6276.45,0.015435726804054861,730.717883203782,-1.0161678390668696,Indoor
6276.55,0.04612255325590932,730.4389091498343,-0.8787157045753676,Indoor
6276.65,0.01586495155336705,730.4389091498343,0.18834274775462959,Indoor
6276.75,0.031994551116755005,730.4389091498343,2.1357495694683286,Indoor
6276.85,0.034867903865490976,730.9486986102377,2.220829868823643,Indoor
6276.95,0.03421054525459554,730.9486986102377,1.4340750255762138,Indoor
6277.05,0.03723017717647975,731.0848684780644,1.7490370902902705,Indoor
6277.15,0.0460890726302972,731.4882090642336,-0.5765048191719598,Indoor
6277.25,0.013683488817627454,730.9596432088437,-2.4185747798201946,Indoor
6277.35,0.009316039178131143,730.7888639833772,-0.4599541232046381,Indoor
6277.46,0.027212731311566915,730.9596432088437,0.13962406506396316,Indoor
6277.56,0.0007121129409946007,730.9596432088437,-2.057814664643102,Indoor
6277.66,0.00911498335792725,730.4389091498343,-1.7788510329705403,Indoor
6277.76,0.012840249184462702,730.4389091498343,2.1865961812347092,Indoor
6277.86,0.007259145746168717,730.9596432088437,4.486031338399089,Indoor
6277.96,0.006199309210721316,731.4882090642336,2.207286870458691,Indoor
6278.06,0.019659487372297463,731.4882090642336,-1.783115727978412,Indoor
6278.16,0.03070235427068521,730.9596432088437,-2.2150122868728515,Indoor
6278.27,0.022420447493346672,730.9596432088437,-0.944884483090567,Indoor
6278.36,0.04076955093158825,730.9596432088437,-2.168656530022784,Indoor
6278.46,0.04271149383858199,730.4389091498343,-1.667868427453775,Indoor
6278.57,0.03740003390971986,730.4389091498343,1.1535345850943803,Indoor
6278.67,0.02875670814023197,730.9596432088437,1.0389748353068253,Indoor
6278.77,0.029348377239559305,730.4389091498343,2.247689787935643,Indoor
6278.87,0.0281630171881372,731.4882090642336,1.4358496719340443,Indoor
6278.97,0.023237383522334006,730.9596432088437,-3.11242161673911,Indoor
6279.07,0.01648502741520554,730.6218280022428,-5.6048687585502375,Indoor
6279.17,0.011188370500660422,729.9812316280576,-7.546756339412882,Indoor
6279.27,0.009786737756390345,728.9650197368869,-0.9414145133439156,Indoor
6279.37,0.03332376504028436,728.9732505380427,14.242657590704912,Indoor
6279.47,0.023146496779208693,733.0279667243262,8.813750995372386,Indoor
6279.57,0.008316554325190089,730.9596432088437,-2.428018122920857,Indoor
6279.67,0.03245839851357199,731.469069749364,2.106929820952686,Indoor
6279.78,0.03335824423942,731.9972677544637,2.8656240976401914,Indoor
6279.88,0.061884747888072224,731.9972677544637,-0.01972562281162467,Indoor
6279.98,0.038397884710145144,731.9972677544637,-2.22033416035752,Indoor
6280.08,0.018468788987926903,731.469069749364,-2.7093823217774244,Indoor
6280.18,0.05342963335360564,731.469069749364,-2.101147436235178,Indoor
6280.28,0.051316394378011755,730.9596432088437,-0.4509795717560621,Indoor
6280.38,0.07457840314494005,731.469069749364,0.006141162652391746,Indoor
6280.48,0.046942216238514405,730.9596432088437,0.502506955788935,Indoor
6280.58,0.04679637133661199,731.469069749364,1.6436286702240404,Indoor
6280.68,0.06292589982005217,731.469069749364,0.5851021669822766,Indoor
6280.78,0.028731386991764033,731.469069749364,-1.0599410936458373,Indoor
6280.88,0.037896767632284126,731.469069749364,-3.4001020031931093,Indoor
6280.99,0.017723064091236303,730.4389091498343,-0.039336058801399794,Indoor
6281.09,0.021655482948206864,731.469069749364,3.9658637765195226,Indoor
6281.19,0.031036097950750133,731.469069749364,2.3234329140942127,Indoor
6281.29,0.007236573646527557,731.9972677544637,-2.86941902513918,Indoor
6281.39,0.039292463890979776,730.9486986102377,-4.671124239450466,Indoor
6281.49,0.017510738038229515,730.4293258077745,2.8132955784539218,Indoor
6281.59,0.004130480068917926,731.9795079098868,4.387187073297246,Indoor
6281.69,0.01373655421600755,731.469069749364,1.9725976301397008,Indoor
6281.79,0.03564286192440683,731.9795079098868,3.3914294343225646,Indoor
6281.89,0.03001757977262991,732.5005119452136,-0.9277053955100569,Indoor
6281.99,0.046702035127022666,731.9795079098868,-7.690668455847583,Indoor
6282.1,0.016181835051959827,730.4389091498343,-5.285342799804258,Indoor
6282.2,0.08749903834569099,730.9486986102377,-1.3682118407904122,Indoor
6282.3,0.04614109450841204,730.4389091498343,-1.004662979294687,Indoor
6282.4,0.018872946511573077,730.4389091498343,1.269165795137985,Indoor
6282.5,0.0689677232771963,730.9486986102377,-0.87580651959097,Indoor
6282.6,0.018976090010278873,730.4211114145045,-5.869817707335011,Indoor
6282.7,0.02867245565531783,729.4744683674679,-3.871339097379685,Indoor
6282.8,0.028548969980240143,729.3908417302756,2.726565244165746,Indoor
6282.9,0.02643755647858508,730.4211114145045,2.8178855440649615,Indoor
6283.0,0.019099785971934756,730.0027397208862,2.3906546707259824,Indoor
6283.1,0.04390981704613435,730.4389091498343,7.893644161590964,Indoor
6283.2,0.02950973177147564,731.9795079098868,5.981786839259079,Indoor
6283.31,0.0452199034866099,731.9795079098868,-3.495144412924826,Indoor
6283.41,0.03947214479076419,730.9486986102377,-5.939169699306686,Indoor
6283.51,0.06583757878991922,730.4211114145045,0.05584363176064628,Indoor
6283.61,0.05284401548445722,730.9486986102377,-28.59608612725318,Indoor
6283.71,0.02437098661870113,730.9486986102377,-12.15209491956537,Indoor
6283.81,0.06529529596442638,708.7785267627681,381.7424458642651,Indoor
6283.91,0.045824606224121274,809.647454142851,931.2887124283824,Indoor
6284.01,0.031495035125085405,885.8047188856018,866.5922885089554,Indoor
6284.11,0.06175234847205338,1083.0540152734766,-600.5214959562528,Indoor
6284.21,0.026208658295418033,691.1772565702665,-579.998244452959,Indoor
6284.31,0.019763694853499693,873.4506282555415,561.9740470449786,Indoor
6284.41,0.04239697440918606,988.3288926263363,-334.64122320757195,Indoor
6284.52,0.02434792628738633,673.992581561548,124.52103810324006,Indoor
6284.62,0.006009642070370136,1004.0703451786434,696.3695183459957,Indoor
6284.72,0.02484766057403516,951.0622707061418,-596.3546728312771,Indoor
6284.82,0.03007288759881312,768.777601130522,-567.9129633385645,Indoor
6284.92,0.014682052605920672,837.0376335625538,-76.5340684369782,Indoor
6285.02,0.04149081136943143,814.1117859360593,-52.94624029011018,Indoor
6285.12,0.011692124884862624,728.4142478772269,722.2084578520429,Indoor
6285.22,0.060362507014089704,1061.35715006778,305.47072041511416,Indoor
6285.32,0.029830157552324554,767.3056757251311,170.73772007028145,Indoor
6285.42,0.020684609960731216,1012.3107230490053,547.005740356484,Indoor
6285.52,0.03399037063042247,1057.0548708558133,-742.7764747913833,Indoor
6285.63,0.03607738003156455,686.0881867515283,235.46975996035516,Indoor
6285.73,0.02408177006325218,1106.5486884904794,1147.2909998809948,Indoor
6285.83,0.022002237197341054,1095.4355298236405,-311.14474595277454,Indoor
6285.93,0.040663581161289916,865.0075144182275,-326.98692813380535,Indoor
6286.03,0.019743664125402214,1139.4744402574372,-864.419236749821,Indoor
6286.13,0.007256140919963338,648.8898211561035,-518.647380792171,Indoor
6286.23,0.034557079839690225,930.9011762802752,736.8311884986556,Indoor
6286.33,0.010122802364609693,1000.7766983698211,-342.31188048002423,Indoor
6286.43,0.027692017540884323,723.1514364225518,50.515803320173916,Indoor
6286.53,0.02414400561262831,985.8316286263085,874.1843195173198,Indoor
6286.63,0.012971207765147983,1045.545790484568,-227.93589844805126,Indoor
6286.73,0.025381301530739864,821.2606163697368,-309.0297631417995,Indoor
6286.84,0.020365822168054798,1019.7793879070119,-355.2378676561107,Indoor
6286.94,0.010190368682698944,769.8064691855999,-351.6307184022594,Indoor
6287.04,0.016032478388937545,856.3089395773,379.8622884282783,Indoor
6287.14,0.02882327524875087,979.7423130599188,-350.9959000353764,Indoor
6287.24,0.04101938093402725,711.9690717660351,-61.97714103587887,Indoor
6287.34,0.02761602648494077,899.3030634886106,986.7599597285334,Indoor
6287.44,0.01944217133342002,1066.9465778566423,137.9708142866622,Indoor
6287.54,0.04405825914677755,818.6159050494927,1.388031470140687,Indoor
6287.64,0.03293939941831165,1106.4311998493174,-136.5760077406668,Indoor
6287.74,0.0034195901064057108,793.534256997194,-238.69220890764362,Indoor
6287.84,0.05974854087690179,1008.2018647076586,-251.34027331331168,Indoor
6287.95,0.05909340664867807,866.5840986309407,-1042.699252876673,Indoor
6288.05,0.06543393535462019,621.7467330030773,317.1584187273838,Indoor
6288.15,0.036682401392469206,1002.7143162436647,645.0311480314751,Indoor
6288.25,0.06672368842865145,866.5396701825024,-631.1133930302459,Indoor
6288.35,0.05551002927978108,703.3846742714828,251.4412180694069,Indoor
6288.45,0.034951450681941415,982.6586385922632,759.2425296061838,Indoor
6288.55,0.02063749354320292,902.4998614958342,262.7926591822974,Indoor
6288.65,0.020445492538712272,972.7887746062862,46.997254802836146,Indoor
6288.75,0.031713588267302285,990.3469089162645,-821.2579017899714,Indoor
6288.85,0.05248894941298101,749.4658097605254,-492.1078469228638,Indoor
6288.95,0.03381881727201645,819.6041727565813,734.7028839264204,Indoor
6289.05,0.05571713046963302,1030.5018195034884,-44.12156022880423,Indoor
6289.16,0.0651888159261873,781.0262479584153,-862.541087018603,Indoor
6289.26,0.04025561346526496,804.4886574713157,-586.5589005656785,Indoor
6289.36,0.03548634450538971,693.0522094562409,-309.7452758715052,Indoor
6289.46,0.04735405769668081,720.41446404136,3.5876782102082476,Indoor
6289.56,0.04171301570908573,722.1907206083482,239.03482857300682,Indoor
6289.66,0.06734149167761852,725.4660570970912,1068.3275604477749,Indoor
6289.76,0.05530948343524815,941.1045644132421,1076.0502126885012,Indoor
6289.86,0.0693204812408125,1076.9596092704685,-419.02280103954126,Indoor
6289.96,0.035617607097738264,682.0835725920981,188.69365954882713,Indoor
6290.06,0.035548929313016196,1173.5267359544903,162.93326579320276,Indoor
6290.16,0.018180410681257392,818.6824781317846,-1014.8222758519081,Indoor
6290.27,0.03169115852779108,791.5004737838127,380.59732226405924,Indoor
6290.37,0.03718275682875176,934.3992722599905,1258.8522585008786,Indoor
6290.47,0.02643088528295547,1182.4965116227615,-259.4607611199648,Indoor
6290.57,0.04393468435662923,787.7835997277425,-119.76279076729082,Indoor
6290.67,0.038998535156861726,1054.8303181080832,1413.4842288448096,Indoor
6290.77,0.020316058358633548,1266.334473983868,481.3860721868661,Indoor
6290.87,0.025894692276053073,1049.0243085839336,-253.7623167287593,Indoor
6290.97,0.04780752430433617,1264.8059139646684,-974.4525427854117,Indoor
6291.07,0.042852123287037726,821.1912079412443,-808.8414272261974,Indoor
6291.17,0.02790424466533266,1029.6509117171702,-51.16191831523838,Indoor
6291.27,0.03124813378422415,966.3317235815039,-694.6577945333705,Indoor
6291.37,0.05855180201511337,725.9111515881265,115.78249318608141,Indoor
6291.48,0.025124380356517793,1082.400572801031,-68.05936993262422,Indoor
6291.58,0.01684986252432469,755.7545897975083,-589.0612062720267,Indoor
6291.68,0.06197680697457402,800.2275387722232,720.978359615556,Indoor
6291.78,0.02371399494864673,1056.255650872458,276.6467675525907,Indoor
6291.88,0.04208992703854255,827.7076778670112,-366.43729919654726,Indoor
6291.98,0.035892196582858873,927.0318225390108,-76.72613060228515,Indoor
6292.08,0.018302252915270184,863.7993485874243,-319.3992387935304,Indoor
6292.18,0.020336759409970737,851.9612667251956,-596.8536272776194,Indoor
6292.28,0.03132816092792716,728.1996173978757,-381.25857719875506,Indoor
6292.38,0.023674089812525365,763.985129991503,-7.147527693296401,Indoor
6292.48,0.015464469425000987,753.887259475845,-33.13292447004252,Indoor
6292.58,0.029882619069340866,746.4777290716717,-51.517924537435626,Indoor
6292.69,0.04990308299390045,742.9019155268034,-13.305653876283541,Indoor
6292.79,0.013925938963478102,752.2379942544779,315.78159930237484,Indoor
6292.89,0.02757460098792694,745.5601920703652,915.4983987927436,Indoor
6292.99,0.04332038994186798,1050.6026841770395,-276.1495377954723,Indoor
6293.09,0.031913779930584585,677.3042152533823,-818.1799920873563,Indoor
6293.19,0.03405883925868739,724.0400541406532,847.4068616899663,Indoor
6293.29,0.05364511833494672,1011.7395910015581,488.1851130111471,Indoor
6293.39,0.03694181960683277,811.0739793631651,-43.5071939794426,Indoor
6293.49,0.024450391478946343,886.9334811585364,707.5724646112243,Indoor
6293.59,0.045186919030666906,1102.827275687358,-281.57707225899065,Indoor
6293.69,0.01844460011753494,775.6893708179841,-519.4769366945179,Indoor
6293.8,0.015651153966821423,898.1547750805537,419.5880392203967,Indoor
6293.9,0.022116980840759453,1034.5641594410663,-260.5534731892374,Indoor
6294.0,0.014881827468075965,693.8710254795195,629.904590877137,Indoor
6294.1,0.024004383420976647,1186.9553487810736,976.3338341718188,Indoor
6294.2,0.030310482730365663,1037.24972885029,-648.5081745261949,Indoor
6294.3,0.0254827614887499,887.8428915072757,-602.2043571300414,Indoor
6294.4,0.046707082511123175,1004.3440645515858,-761.3142802102732,Indoor
6294.5,0.01648922061856237,701.074175818793,-307.9821049045318,Indoor
6294.6,0.008641198880789718,871.0906956224478,641.0978519188253,Indoor
6294.7,0.03720279436336128,989.2775141485831,-217.96585478848485,Indoor
6294.8,0.028198151712583604,706.3186249845037,308.12648568590726,Indoor
6294.9,0.01789910560321945,1034.2968626076365,1061.936518335581,Indoor
6295.01,0.019110471015023,1054.1479971996341,25.89687070630246,Indoor
6295.11,0.046300664723387445,928.5397137441133,66.9580158723349,Indoor
6295.21,0.04337012838766962,1086.9682608061746,112.88945279678912,Indoor
6295.31,0.032220866462813205,1007.0754688701339,-713.2950141329381,Indoor
6295.41,0.05736886320694328,891.2379031437117,-794.0166581837061,Indoor
6295.51,0.08602543895558143,838.0393256639096,-229.59060845874467,Indoor
6295.61,0.023342410150088,841.2573922409241,188.5108177991139,Indoor
6295.71,0.02145127205708309,913.0372391091176,-273.9571111606619,Indoor
6295.81,0.0423666513016189,799.7149492162816,-869.2178261846116,Indoor
6295.91,0.003768086139819219,682.0593815790528,-332.4643837683762,Indoor
6296.01,0.009096456855488105,725.1579138367035,260.3366031823516,Indoor
6296.11,0.02102608346810101,812.685671093074,311.2545050819175,Indoor
6296.22,0.028641829971594143,652.4458790053328,1202.2435501919579,Indoor
6296.32,0.011624214967986912,1224.508064489573,48.90447742163627,Indoor
6296.42,0.021923756591569286,603.9254920931886,-315.34609334225917,Indoor
6296.52,0.029174524083471574,1042.9966442899038,570.0488948817415,Indoor
6296.62,0.009902744473599616,935.3026248225758,-559.6330032393731,Indoor
6296.72,0.02084963406347065,737.5486424636683,555.6403824728824,Indoor
6296.82,0.004479781187069023,1056.656933954758,1488.776015569033,Indoor
6296.92,0.0018927417078416129,1218.7768458581743,-504.00549552404937,Indoor
6297.02,0.004581236072131654,836.2021286746404,-1039.3927665774752,Indoor
6297.12,0.0010241296149008398,958.6440154699065,89.02818433415379,Indoor
6297.22,0.004191909322937008,896.5634389155069,238.97466056762136,Indoor
6297.33,0.001920066875994702,1076.1000700520653,-795.8538726725124,Indoor
6297.43,0.002506170645012744,664.1046604263518,-232.78271792811748,Indoor
6297.53,0.0034469039426417505,951.0793868021743,1664.2168484220517,Indoor
6297.63,0.004114720624189115,1105.0361985021125,1187.3658615817458,Indoor
6297.73,0.0030166756726735114,1285.1127309091596,-842.310122177717,Indoor
6297.83,0.017662132335646313,767.2118351537598,-438.6136709094144,Indoor
6297.93,0.020486223213814853,1236.1735315076116,-99.64058974776404,Indoor
6298.03,0.02433235320353558,825.1702854562808,-906.9083065477612,Indoor
6298.13,0.029885606330735885,959.1470168853157,-584.4322598971137,Indoor
6298.23,0.026479268917325147,741.7337797350206,246.43390722098306,Indoor
6298.33,0.03085551053977752,945.586590429454,1078.4402260321947,Indoor
6298.43,0.04549143429746343,1092.4376412409085,15.315647391463221,Indoor
6298.54,0.008123862637832373,892.6667911376562,-312.06176203174635,Indoor
6298.64,0.03880780029696445,949.6673101670922,632.6033409042906,Indoor
6298.74,0.04381115109288286,1123.964857101858,91.77457295566876,Indoor
6298.84,0.016439812698001686,961.606468364268,-784.4232043483867,Indoor
6298.94,0.014879604445801761,922.5757421480363,-676.9413315034385,Indoor
6299.04,0.03249084861866339,829.736102625407,306.18111816423703,Indoor
6299.14,0.020199361268829735,908.3606112112084,1546.005551541037,Indoor
6299.24,0.029753708872181102,1301.8751860297514,157.59675297203088,Indoor
6299.34,0.02058286077530951,918.5161947401907,-760.2358428965413,Indoor
6299.44,0.01856341186249942,981.3047436958612,639.8942648892461,Indoor
6299.54,0.027179554837741014,1217.6654319983709,-56.475058943068895,Indoor
6299.64,0.002731615166553448,957.9269283196918,-835.7720035456315,Indoor
6299.75,0.01410315871771882,924.1282378544657,308.20312974963093,Indoor
6299.85,0.009820724480949537,1116.129920752956,304.1359248134762,Indoor
6299.95,0.009022391714651488,1001.7085404447743,-504.06261243155006,Indoor
6300.05,0.017509661562871835,976.6949370197432,-654.4228454676464,Indoor
6300.15,0.02366795484404588,873.3157745260107,-14.907189653382053,Indoor
6300.25,0.032411513312109314,905.2269506261363,1070.9648663090527,Indoor
6300.35,0.03445601240420964,1208.092484223749,48.12317826346594,Indoor
6300.45,0.020491483454033683,933.904170672773,-884.5767083054969,Indoor
6300.55,0.03465935742548143,846.611481141143,656.2577341497384,Indoor
6300.65,0.06476035405287785,1217.712199166946,278.05777215636965,Indoor
6300.75,0.06824705829227189,927.7742182233778,-988.4533896662655,Indoor
6300.86,0.038819726191737014,915.0469933287579,-522.310244160721,Indoor
6300.96,0.14597048098614837,855.101748331741,391.02136841166583,Indoor
6301.06,0.0637057345878088,957.1828456465358,982.0404627368546,Indoor
6301.16,0.03641091115199481,1157.287345476481,-90.25836923732346,Indoor
6301.26,0.08380662833868271,900.871244962342,-765.4898366005197,Indoor
6301.36,0.03786369005813009,947.8934539282355,-327.46209828826676,Indoor
6301.46,0.029074472587727943,881.3270543992112,-210.363473853176,Indoor
6301.56,0.07092688888525542,883.6532125217449,-84.42034420821531,Indoor
6301.66,0.030075001174894696,876.0970715670894,-60.60977931458538,Indoor
6301.76,0.05311043678058831,875.2605326415672,111.59711148316589,Indoor
6301.86,0.0753798631206964,861.1306521080294,859.0598602770626,Indoor
6301.96,0.052467264288591275,1070.2607159005697,1142.169422175978,Indoor
6302.07,0.06645718210007934,1121.9924242168483,341.48907156006993,Indoor
6302.17,0.06883096422811674,1169.2749890423552,-641.2102979420343,Indoor
6302.27,0.05944433994200841,905.2590789381788,-21.37832534206741,Indoor
6302.37,0.07479465883203679,1165.7126575618881,457.36673156746286,Indoor
6302.47,0.03635428175988633,1110.4685580021767,-89.23121981185754,Indoor
6302.57,0.0631660366729065,973.2008810181804,714.7805939661481,Indoor
6302.67,0.05110276392126969,1431.8075988064877,-164.69732843155688,Indoor
6302.77,0.024940268443716652,855.5086206462212,-178.47341598385842,Indoor
6302.87,0.04544663201055713,1332.4713880605466,405.1538603186063,Indoor
6302.97,0.034419183514511946,1113.724382421432,-759.2117651704099,Indoor
6303.07,0.026302366816079368,998.1763371268626,-83.9785046110294,Indoor
6303.18,0.05384817549054903,1168.7844112581242,96.27532777441472,Indoor
6303.28,0.030458122363955713,1070.0939211116004,-497.5035261101913,Indoor
6303.38,0.011595382685174998,961.9074799584417,339.68721529730334,Indoor
6303.48,0.02957426836841057,1182.92349710368,583.4980986050666,Indoor
6303.58,0.027821672301063406,1143.2779120050739,-154.58776625787394,Indoor
6303.68,0.011596453035281621,1058.59826894538,-108.58112574877553,Indoor
6303.78,0.0052839089199679026,1203.1583436937965,-581.6979739970384,Indoor
6303.88,0.005698512395111151,887.0430232088713,-225.0800660367987,Indoor
6303.98,0.0033488803659121476,1117.5482092509476,435.3018814023516,Indoor
6304.08,0.002494743744190013,1094.4670289201715,-555.7107198342624,Indoor
6304.18,0.0019111378767829607,936.1052291275805,-853.1796811212607,Indoor
6304.28,0.001533307061725683,899.5081989620772,-351.58930406551065,Indoor
6304.39,0.001992743291209789,896.2371337988624,-201.87080260912336,Indoor
6304.49,0.0015287170931770312,855.747042063249,341.1726989344616,Indoor
6304.59,0.0017861081500074206,891.3388805611478,1467.8262504683134,Indoor
6304.69,0.0014016126431241258,1268.0039432115343,547.5852998053987,Indoor
6304.79,0.0009950797056397643,1020.9990205676007,-644.8655234010025,Indoor
6304.89,0.0010510052135817732,1001.0189808390248,133.51752129687017,Indoor
6304.99,0.0006142783931845408,1139.7170701538166,-193.52795577112624,Indoor
6305.09,0.0009183605146345055,1004.7870421138999,-853.2270314297521,Indoor
6305.19,0.0006978256958713964,809.4949042458513,561.7581603750695,Indoor
6305.29,0.0008846506383754237,1227.1906942280812,369.8289804577314,Indoor
6305.39,0.000497754603694239,959.8218584716645,-711.4757367816673,Indoor
6305.49,0.00120847947236193,883.8902646822172,482.80449593857725,Indoor
6305.6,0.0005914271429167562,1219.305129981827,-25.02736548779721,Indoor
6305.7,0.0005378914870657394,870.2528368238738,-361.86592326679465,Indoor
6305.8,0.0007650532129662405,986.4339815720057,1035.585670571184,Indoor
6305.9,0.0003181808030058095,1288.8168993305449,83.33621259807,Indoor
6306.0,0.0001348099078911231,906.7982134962551,51.49959346671775,Indoor
6306.1,0.00016182474361288196,1224.7452796398115,872.0625418437367,Indoor
6306.2,0.0002512336931534063,1257.054095892456,-886.5074248863582,Indoor
6306.3,0.0004020658882975429,986.0557793553061,-1997.2406264765154,Indoor
6306.4,0.0001906311343747461,769.6934454703379,-416.5807100460129,Indoor
6306.5,0.0003258382420039533,857.3196603367965,2030.4375691903251,Indoor
6306.6,0.0005396077372861773,1272.7933846465419,1636.9361292939032,Indoor
6306.71,0.00026413725036292354,1332.1430103408568,-1069.2955283350682,Indoor
6306.81,0.0008457848484518241,862.4888405075163,-554.3688718156816,Indoor
6306.91,0.0010499405284910097,1179.1407888797673,692.6343129963764,Indoor
6307.01,0.00038203709910572656,1225.0424482441415,-661.0773956468237,Indoor
6307.11,0.00019197566707293605,830.4619196567655,60.86701272734062,Indoor
6307.21,0.0009878531854093859,1317.9032589685785,147.9935153853522,Indoor
6307.31,0.0015814423015048436,943.7801650808307,-498.20709280722144,Indoor
6307.41,0.0006020272522246326,1008.4006020659638,675.8433832440973,Indoor
6307.51,0.0005800736796905491,1318.0679041688254,-558.9919925504004,Indoor
6307.61,0.0004713920432847106,781.2835592792159,-394.103963315774,Indoor
6307.71,0.000207699670595284,1128.7789863387784,1108.9163520891832,Indoor
6307.81,0.0015402844658769358,1239.3764561262249,-82.10797388243782,Indoor
6307.92,0.0007649373035459292,939.9414875405809,-5.264628307253562,Indoor
6308.02,0.00035963491299776187,1294.7235226101363,-288.8896332148496,Indoor
6308.12,0.0004445408697363127,951.2528580771781,-833.2490471930998,Indoor
6308.22,0.0007300692428825371,925.4728521139883,771.3999252018206,Indoor
6308.32,0.001350390164675116,1299.83883616393,230.8745119821965,Indoor
6308.42,0.00023337802946283158,932.0209225119359,-243.68005981632177,Indoor
6308.52,0.0010400845922906472,1151.1303140826412,311.0815004971105,Indoor
6308.62,0.00038680872356422165,1163.8960434678004,-789.2923641840921,Indoor
6308.72,0.0006619489210117211,859.5335944569008,-190.23309378977572,Indoor
6308.82,0.0004972336050523576,1094.0338203181839,866.8523751548687,Indoor
6308.92,0.000517749858596945,1184.4500833720263,-611.1121626709461,Indoor
6309.02,0.0006456372833893686,925.760228136854,-1566.7801322697926,Indoor
6309.13,0.0003982618461695861,772.7949275195846,-448.0334737114473,Indoor
6309.23,0.0005365276014154439,876.5665975840056,337.913793546107,Indoor
6309.33,0.0004396833399515749,877.2103510561193,140.44872201669122,Indoor
6309.43,0.00048098640813208345,895.3853918844109,319.57520081846155,Indoor
6309.53,0.0007137022164796813,880.6900703425695,1528.1678514666723,Indoor
6309.63,0.00046546435310860135,1234.3220811441397,1323.4252491391464,Indoor
6309.73,0.0006306051913429417,1301.3635020677073,-853.9136052068104,Indoor
6309.83,0.0009287344445247847,869.6004692038391,-287.02245328612975,Indoor
6309.93,0.0004590356317936045,1248.6508719413926,258.1347012247097,Indoor
6310.03,0.00018240495439988128,1113.3450650631762,-1168.3073544368297,Indoor
6310.13,0.0005535715383261708,759.8256378933262,565.861675868094,Indoor
6310.24,0.0005637882277911241,1300.5329676713313,1110.7618024278527,Indoor
6310.34,0.00031302985944410566,1193.0737613408485,-1062.9991184345906,Indoor
6310.44,0.0005315321608461333,806.105452158711,299.8435716685885,Indoor
6310.54,0.000617098456648361,1336.1040378653154,1266.460553162628,Indoor
6310.64,0.0004201780653769628,1174.3291702073998,366.3139901735832,Indoor
6310.74,0.0012988581115853145,1258.5038736531565,380.12763932007573,Indoor
6310.84,0.004827960952422044,1390.4247552456768,-2376.561450131131,Indoor
6310.94,0.18536689954332009,879.1416268156115,-6967.004440607718,Indoor
